Datum_zreb;Tyzden;SumaVklady;SumaVyhry;Cislo1;Cislo2;Cislo3;Cislo4;Cislo5;Cislo6;Pocet1;Pocet2;Pocet3;Pocet4;Pocet5;Pocet6;Vyhra1;Datum_zreb_nasl
9.10.2015;41;94144,00000;47072,00000;6;2;1;4;9;1;0;0;5;81;860;8541;0,00000;16.10.2015
16.10.2015;42;96830,00000;98415,00000;5;0;4;4;6;5;0;0;5;84;886;8743;0,00000;23.10.2015
23.10.2015;43;88612,00000;94306,00000;9;5;1;3;5;9;0;2;7;100;828;7830;0,00000;30.10.2015
30.10.2015;44;94327,00000;97163,50000;8;0;7;1;3;7;0;1;6;83;902;8501;0,00000;6.11.2015
6.11.2015;45;93157,00000;96578,50000;1;5;1;5;9;8;0;2;9;75;867;8442;0,00000;13.11.2015
13.11.2015;46;103029,00000;101514,50000;7;6;3;3;0;5;0;0;16;78;912;9366;0,00000;20.11.2015
20.11.2015;47;87604,00000;93802,00000;4;2;6;4;3;4;0;0;9;63;773;7805;0,00000;27.11.2015
27.11.2015;48;86257,00000;93128,50000;3;1;1;7;7;8;0;1;12;67;831;7801;0,00000;4.12.2015
4.12.2015;49;86325,00000;93162,50000;0;2;1;0;5;6;0;1;9;78;811;7814;0,00000;11.12.2015
11.12.2015;50;86002,00000;93001,00000;5;5;1;0;7;8;0;0;12;80;777;7837;0,00000;18.12.2015
18.12.2015;51;87067,00000;93533,50000;0;8;3;2;9;3;0;0;11;70;799;7788;0,00000;23.12.2015
23.12.2015;52;60943,00000;80471,50000;3;8;5;9;8;4;0;2;4;57;539;5387;0,00000;1.1.2016
1.1.2016;53;74068,00000;87034,00000;6;1;2;0;4;8;0;0;4;75;661;6543;0,00000;8.1.2016
8.1.2016;1;70386,00000;85193,00000;1;6;2;0;7;1;0;1;7;67;625;6326;0,00000;15.1.2016
15.1.2016;2;80410,00000;90205,00000;2;6;0;0;6;5;0;0;6;66;746;7234;0,00000;22.1.2016
22.1.2016;3;78917,00000;89458,50000;2;6;2;3;8;0;0;1;4;67;716;6887;0,00000;29.1.2016
29.1.2016;4;73307,00000;86653,50000;1;0;5;2;7;1;0;0;7;69;664;6678;0,00000;5.2.2016
5.2.2016;5;72982,00000;86491,00000;3;9;8;8;2;1;0;1;4;70;634;6475;0,00000;12.2.2016
12.2.2016;6;73740,00000;86870,00000;2;3;7;7;9;5;0;2;9;70;658;6597;0,00000;19.2.2016
19.2.2016;7;77170,00000;88585,00000;5;9;5;0;4;8;0;0;5;67;675;6909;0,00000;26.2.2016
26.2.2016;8;77663,00000;88831,50000;6;4;7;0;8;0;0;0;3;64;693;6726;0,00000;4.3.2016
4.3.2016;9;73825,00000;86912,50000;2;9;4;5;8;0;0;0;6;81;624;6386;0,00000;11.3.2016
11.3.2016;10;87123,00000;93561,50000;8;7;4;9;7;7;0;0;7;82;838;7868;0,00000;18.3.2016
18.3.2016;11;83618,00000;91809,00000;7;8;4;3;8;8;0;1;10;90;772;7415;0,00000;24.3.2016
24.3.2016;12;79937,00000;89968,50000;2;3;2;5;6;8;0;0;7;64;734;7211;0,00000;1.4.2016
1.4.2016;13;67185,00000;83592,50000;5;4;4;0;6;4;0;1;3;66;610;6012;0,00000;8.4.2016
8.4.2016;14;72347,00000;86173,50000;7;9;0;5;4;2;0;0;6;66;638;6460;0,00000;15.4.2016
15.4.2016;15;76648,00000;88324,00000;8;3;4;8;5;8;0;0;5;76;676;6988;0,00000;22.4.2016
22.4.2016;16;72339,00000;86169,50000;5;2;0;5;8;8;1;0;4;66;649;6548;50000,00000;29.4.2016
29.4.2016;17;72047,00000;86023,50000;2;2;1;7;6;7;0;0;4;73;615;6612;0,00000;6.5.2016
6.5.2016;18;68384,00000;84192,00000;1;7;4;4;3;0;0;0;5;59;649;5952;0,00000;13.5.2016
13.5.2016;19;73295,00000;86647,50000;0;5;5;9;2;7;1;0;9;73;645;6705;50000,00000;20.5.2016
20.5.2016;20;67385,00000;83692,50000;7;9;2;0;1;1;0;0;6;48;619;6111;0,00000;27.5.2016
27.5.2016;21;65542,00000;82771,00000;3;2;1;0;9;1;0;1;4;48;570;5961;0,00000;3.6.2016
3.6.2016;22;72660,00000;86330,00000;6;2;2;4;2;4;0;0;3;68;729;6578;0,00000;10.6.2016
10.6.2016;23;68371,00000;84185,50000;2;6;4;7;8;2;0;0;1;58;604;6100;0,00000;17.6.2016
17.6.2016;24;67710,00000;83855,00000;7;1;3;7;7;8;0;2;5;54;622;6112;0,00000;24.6.2016
24.6.2016;25;70339,00000;85169,50000;8;1;3;0;2;8;0;2;5;57;599;6344;0,00000;1.7.2016
1.7.2016;26;68035,00000;84017,50000;7;1;1;2;0;9;0;0;3;61;559;6002;0,00000;8.7.2016
8.7.2016;27;73821,00000;86910,50000;7;2;8;1;4;0;0;0;3;69;662;6345;0,00000;15.7.2016
15.7.2016;28;82890,00000;91445,00000;8;6;3;2;4;4;0;2;5;63;701;7506;0,00000;22.7.2016
22.7.2016;29;86460,00000;93230,00000;8;2;0;3;9;7;0;0;6;54;761;7877;0,00000;29.7.2016
29.7.2016;30;114066,00000;107033,00000;5;4;8;0;1;8;0;3;15;96;1030;10462;0,00000;5.8.2016
5.8.2016;31;69893,00000;84946,50000;2;7;8;2;0;0;0;0;3;60;626;6141;0,00000;12.8.2016
12.8.2016;32;70967,00000;85483,50000;8;1;4;6;1;3;0;0;3;58;644;6458;0,00000;19.8.2016
19.8.2016;33;70942,00000;85471,00000;8;4;2;9;4;2;1;1;4;64;665;6364;50000,00000;26.8.2016
26.8.2016;34;68013,00000;84006,50000;1;6;8;8;3;3;0;2;6;41;629;6180;0,00000;2.9.2016
2.9.2016;35;63957,00000;81978,50000;3;4;8;5;5;7;0;0;5;58;599;5830;0,00000;9.9.2016
9.9.2016;36;74133,00000;87066,50000;4;2;6;9;4;5;0;3;3;75;678;6749;0,00000;16.9.2016
16.9.2016;37;70705,00000;85352,50000;1;8;2;1;9;5;0;2;4;63;676;6488;0,00000;23.9.2016
23.9.2016;38;97674,00000;98837,00000;7;1;7;5;9;8;2;3;10;99;853;8828;25000,00000;30.9.2016
30.9.2016;39;111815,00000;105907,50000;9;8;5;4;0;6;0;0;10;109;938;10309;0,00000;7.10.2016
7.10.2016;40;154070,00000;127035,00000;7;5;6;7;0;4;0;1;14;151;1335;13893;0,00000;14.10.2016
14.10.2016;41;198220,00000;149110,00000;7;1;0;4;3;9;0;1;19;193;1753;17540;0,00000;21.10.2016
21.10.2016;42;98325,00000;99162,50000;8;5;0;2;0;8;0;1;14;109;892;8882;0,00000;28.10.2016
28.10.2016;43;87095,00000;93547,50000;2;1;9;1;4;0;0;0;10;69;782;7629;0,00000;4.11.2016
4.11.2016;44;84251,00000;92125,50000;5;2;3;6;6;8;0;3;4;81;768;7599;0,00000;11.11.2016
11.11.2016;45;91183,00000;95591,50000;8;1;3;7;6;4;0;0;6;78;817;8208;0,00000;18.11.2016
18.11.2016;46;86845,00000;93422,50000;5;7;5;6;5;9;0;0;8;92;714;7644;0,00000;25.11.2016
25.11.2016;47;87759,00000;93879,50000;8;6;4;1;3;8;0;0;5;85;784;7913;0,00000;2.12.2016
2.12.2016;48;83410,00000;91705,00000;5;5;9;0;5;9;1;1;11;83;715;7170;50000,00000;9.12.2016
9.12.2016;49;89216,00000;94608,00000;1;9;4;0;1;9;0;0;8;82;811;7840;0,00000;16.12.2016
16.12.2016;50;95393,00000;97696,50000;8;7;8;7;2;7;0;0;5;85;878;8684;0,00000;23.12.2016
23.12.2016;51;139925,00000;119962,50000;6;2;3;8;9;4;0;1;13;122;1248;12619;0,00000;30.12.2016
30.12.2016;52;127598,00000;113799,00000;8;2;6;8;3;8;0;1;13;119;1130;11488;0,00000;6.1.2017
6.1.2017;1;99235,00000;99617,50000;3;8;5;6;3;3;1;3;7;96;940;8927;50000,00000;13.1.2017
13.1.2017;2;98247,00000;99123,50000;6;7;9;8;4;7;0;0;12;86;936;8816;0,00000;20.1.2017
20.1.2017;3;91124,00000;95562,00000;5;0;5;5;9;3;0;1;6;84;807;8352;0,00000;27.1.2017
27.1.2017;4;88471,00000;94235,50000;1;0;3;1;2;3;0;0;4;71;825;8077;0,00000;3.2.2017
3.2.2017;5;88330,00000;94165,00000;3;1;0;5;9;6;0;0;3;77;802;8060;0,00000;10.2.2017
10.2.2017;6;90761,00000;95380,50000;2;5;1;8;0;5;0;1;9;85;820;8198;0,00000;17.2.2017
17.2.2017;7;86778,00000;93389,00000;3;2;3;2;0;2;0;0;8;65;800;7807;0,00000;24.2.2017
24.2.2017;8;85974,00000;92987,00000;1;7;6;0;6;5;0;2;5;74;759;7778;0,00000;3.3.2017
3.3.2017;9;84134,00000;92067,00000;0;7;6;7;0;7;0;1;4;76;757;7642;0,00000;10.3.2017
10.3.2017;10;87259,00000;93629,50000;8;1;7;8;6;0;0;0;7;82;750;7601;0,00000;17.3.2017
17.3.2017;11;88625,00000;94312,50000;5;9;1;8;4;5;0;0;5;79;793;8172;0,00000;24.3.2017
24.3.2017;12;86648,00000;93324,00000;6;2;9;6;4;8;1;0;10;87;798;7692;50000,00000;31.3.2017
31.3.2017;13;87047,00000;93523,50000;4;9;8;0;7;5;1;1;9;87;795;7808;50000,00000;7.4.2017
7.4.2017;14;104290,00000;102145,00000;3;5;1;4;5;7;0;1;11;108;932;9364;0,00000;14.4.2017
14.4.2017;15;117064,00000;108532,00000;5;7;4;1;4;4;0;1;9;100;1035;10652;0,00000;21.4.2017
21.4.2017;16;88022,00000;94011,00000;7;9;2;0;0;1;0;0;3;93;779;7961;0,00000;28.4.2017
28.4.2017;17;87007,00000;93503,50000;1;2;1;7;2;4;0;0;10;84;828;7870;0,00000;5.5.2017
5.5.2017;18;83754,00000;91877,00000;6;9;9;2;6;6;1;0;9;72;740;7436;50000,00000;12.5.2017
12.5.2017;19;82547,00000;91273,50000;3;9;0;7;3;1;0;1;6;75;804;7461;0,00000;19.5.2017
19.5.2017;20;83991,00000;91995,50000;7;0;0;5;2;1;0;1;7;89;788;7561;0,00000;26.5.2017
26.5.2017;21;85316,00000;92658,00000;4;4;6;1;0;1;0;0;4;82;774;7651;0,00000;2.6.2017
2.6.2017;22;75647,00000;87823,50000;3;5;2;7;9;1;0;3;7;68;657;6889;0,00000;9.6.2017
9.6.2017;23;77869,00000;88934,50000;7;2;4;1;9;0;0;1;6;82;710;6806;0,00000;16.6.2017
16.6.2017;24;80750,00000;90375,00000;6;3;4;9;3;4;0;1;7;77;742;7304;0,00000;23.6.2017
23.6.2017;25;78719,00000;89359,50000;0;8;5;9;0;8;0;1;6;76;706;7244;0,00000;30.6.2017
30.6.2017;26;77414,00000;88707,00000;2;8;2;1;6;1;1;0;17;75;722;6973;50000,00000;7.7.2017
7.7.2017;27;78852,00000;89426,00000;3;7;6;4;8;6;0;0;10;72;656;7164;0,00000;14.7.2017
14.7.2017;28;76256,00000;88128,00000;2;6;8;1;1;2;0;1;12;67;666;6793;0,00000;21.7.2017
21.7.2017;29;75184,00000;87592,00000;9;7;1;2;9;3;1;0;9;59;635;6796;50000,00000;28.7.2017
28.7.2017;30;74997,00000;87498,50000;0;8;9;3;2;0;0;1;9;49;671;6572;0,00000;4.8.2017
4.8.2017;31;73044,00000;86522,00000;7;8;7;2;5;4;0;1;14;66;662;6619;0,00000;11.8.2017
11.8.2017;32;77143,00000;88571,50000;3;3;7;0;8;8;1;2;7;68;734;6955;50000,00000;18.8.2017
18.8.2017;33;79730,00000;89865,00000;8;7;3;8;3;4;0;1;9;79;749;7146;0,00000;25.8.2017
25.8.2017;34;75680,00000;87840,00000;6;0;2;3;9;6;0;3;8;65;639;6872;0,00000;1.9.2017
1.9.2017;35;63878,00000;81939,00000;7;9;5;0;9;7;0;0;4;67;566;5894;0,00000;8.9.2017
8.9.2017;36;82387,00000;91193,50000;1;6;3;7;4;9;0;1;6;67;744;7372;0,00000;15.9.2017
15.9.2017;37;77805,00000;88902,50000;1;3;4;1;8;9;1;1;7;71;700;6809;50000,00000;22.9.2017
22.9.2017;38;81329,00000;90664,50000;7;2;2;7;8;0;0;1;6;74;700;7119;0,00000;29.9.2017
29.9.2017;39;79156,00000;89578,00000;9;7;7;0;2;9;0;1;8;78;668;6912;0,00000;6.10.2017
6.10.2017;40;78374,00000;89187,00000;7;6;6;2;0;7;0;2;6;82;690;7263;0,00000;13.10.2017
13.10.2017;41;91037,00000;95518,50000;9;9;1;0;0;7;0;1;7;68;787;8352;0,00000;20.10.2017
20.10.2017;42;83210,00000;91605,00000;5;7;8;1;0;4;0;0;10;77;782;7494;0,00000;27.10.2017
27.10.2017;43;76194,00000;88097,00000;9;0;1;6;4;8;0;1;11;69;667;6905;0,00000;3.11.2017
3.11.2017;44;74283,00000;87141,50000;1;2;9;3;2;1;0;1;12;61;698;6807;0,00000;10.11.2017
10.11.2017;45;77960,00000;88980,00000;1;7;8;3;0;0;0;3;4;63;694;6910;0,00000;17.11.2017
17.11.2017;46;68592,00000;84296,00000;8;3;1;4;9;4;0;0;11;56;631;6127;0,00000;24.11.2017
24.11.2017;47;75532,00000;87766,00000;9;8;3;7;1;1;0;0;5;53;713;6730;0,00000;1.12.2017
1.12.2017;48;72216,00000;86108,00000;9;6;0;4;8;9;1;0;9;74;673;6368;50000,00000;8.12.2017
8.12.2017;49;74461,00000;87230,50000;1;6;7;0;3;2;0;0;6;53;684;6732;0,00000;15.12.2017
15.12.2017;50;82110,00000;91055,00000;7;5;2;4;2;8;0;2;9;90;761;7400;0,00000;22.12.2017
22.12.2017;51;88720,00000;94360,00000;9;4;0;5;8;1;0;2;7;86;782;8013;0,00000;29.12.2017
29.12.2017;52;81915,00000;90957,50000;2;5;8;8;6;9;0;2;10;74;721;7149;0,00000;5.1.2018
5.1.2018;1;80997,00000;90498,50000;4;3;3;0;5;3;0;3;2;68;767;7437;0,00000;12.1.2018
12.1.2018;2;86477,00000;93238,50000;9;1;9;9;7;5;1;0;6;66;808;7702;50000,00000;19.1.2018
19.1.2018;3;121561,00000;110780,50000;8;1;6;0;6;1;0;0;13;93;1105;11149;0,00000;26.1.2018
26.1.2018;4;153101,00000;126550,50000;5;7;0;5;8;7;0;2;12;130;1439;13901;0,00000;2.2.2018
2.2.2018;5;202886,00000;151443,00000;1;6;1;8;8;1;1;2;16;181;1775;18372;50000,00000;9.2.2018
9.2.2018;6;182294,00000;141147,00000;5;1;4;4;2;4;0;3;17;162;1596;16473;0,00000;16.2.2018
16.2.2018;7;108493,00000;104246,50000;7;8;5;6;6;8;0;2;16;109;930;9792;0,00000;23.2.2018
23.2.2018;8;100959,00000;100479,50000;3;2;2;6;7;9;1;0;13;108;860;8802;50000,00000;2.3.2018
2.3.2018;9;93526,00000;96763,00000;3;5;8;8;8;0;0;1;8;71;804;8163;0,00000;9.3.2018
9.3.2018;10;93573,00000;96786,50000;9;9;7;2;2;3;0;0;12;80;871;8292;0,00000;16.3.2018
16.3.2018;11;88788,00000;94394,00000;9;4;5;3;1;0;1;1;8;75;774;7830;50000,00000;23.3.2018
23.3.2018;12;87258,00000;93629,00000;6;2;9;9;8;9;0;0;8;78;796;7861;0,00000;30.3.2018
30.3.2018;13;76142,00000;88071,00000;3;0;0;2;9;0;0;0;6;74;647;6771;0,00000;6.4.2018
6.4.2018;14;81551,00000;90775,50000;0;0;7;5;8;8;0;1;7;70;746;7444;0,00000;13.4.2018
13.4.2018;15;96148,00000;98074,00000;8;7;4;0;7;3;0;0;13;104;886;8651;0,00000;20.4.2018
20.4.2018;16;90085,00000;95042,50000;2;9;8;9;9;1;0;0;8;73;785;8180;0,00000;27.4.2018
27.4.2018;17;100499,00000;100249,50000;5;6;5;3;5;4;0;3;4;94;870;9013;0,00000;4.5.2018
4.5.2018;18;91643,00000;95821,50000;0;3;7;1;0;5;1;1;12;81;825;8346;50000,00000;11.5.2018
11.5.2018;19;97946,00000;98973,00000;2;7;0;6;6;3;0;1;6;88;905;8927;0,00000;18.5.2018
18.5.2018;20;112170,00000;106085,00000;9;7;7;0;2;8;0;3;13;110;1013;10318;0,00000;25.5.2018
25.5.2018;21;148038,00000;124019,00000;9;6;5;4;8;1;1;2;10;118;1360;13460;50000,00000;1.6.2018
1.6.2018;22;147817,00000;123908,50000;9;4;7;5;9;3;0;1;19;150;1362;13443;0,00000;8.6.2018
8.6.2018;23;140661,00000;120330,50000;8;6;6;5;1;5;0;1;10;134;1249;12804;0,00000;15.6.2018
15.6.2018;24;137061,00000;118530,50000;4;1;5;4;7;4;0;1;19;142;1251;12406;0,00000;22.6.2018
22.6.2018;25;143177,00000;121588,50000;3;3;3;5;6;5;0;0;12;147;1381;12975;0,00000;29.6.2018
29.6.2018;26;139968,00000;119984,00000;8;1;5;5;1;4;0;1;15;123;1239;12888;0,00000;6.7.2018
6.7.2018;27;128493,00000;114246,50000;3;3;8;8;9;6;0;0;14;118;1107;11547;0,00000;13.7.2018
13.7.2018;28;114429,00000;107214,50000;5;3;0;2;3;3;0;2;9;100;1081;10354;0,00000;20.7.2018
20.7.2018;29;106766,00000;103383,00000;6;3;5;3;4;7;0;0;10;111;998;9656;0,00000;27.7.2018
27.7.2018;30;97701,00000;98850,50000;4;0;6;2;0;0;0;0;6;87;852;8637;0,00000;3.8.2018
3.8.2018;31;94168,00000;97084,00000;1;4;0;0;1;0;0;2;7;86;849;8232;0,00000;10.8.2018
10.8.2018;32;99432,00000;99716,00000;4;6;2;1;8;8;0;1;11;96;864;9185;0,00000;17.8.2018
17.8.2018;33;102084,00000;101042,00000;7;4;8;9;0;1;0;1;10;83;915;9173;0,00000;24.8.2018
24.8.2018;34;101699,00000;100849,50000;9;8;9;6;1;3;0;3;7;87;895;9332;0,00000;31.8.2018
31.8.2018;35;104817,00000;102408,50000;3;0;7;9;7;7;0;0;7;93;965;9656;0,00000;7.9.2018
7.9.2018;36;96485,00000;98242,50000;0;2;5;9;7;3;1;0;9;86;913;8630;50000,00000;14.9.2018
14.9.2018;37;101359,00000;100679,50000;2;0;5;6;1;6;0;1;4;89;911;9117;0,00000;21.9.2018
21.9.2018;38;100578,00000;100289,00000;2;0;7;5;9;0;0;1;9;89;869;8920;0,00000;28.9.2018
28.9.2018;39;103247,00000;101623,50000;1;7;5;7;4;6;0;0;9;93;959;9160;0,00000;5.10.2018
5.10.2018;40;105155,00000;102577,50000;3;9;1;3;5;1;0;0;13;90;953;9513;0,00000;12.10.2018
12.10.2018;41;117862,00000;108931,00000;4;8;1;2;9;7;0;2;13;106;1074;10708;0,00000;19.10.2018
19.10.2018;42;119484,00000;109742,00000;6;1;4;1;9;1;0;1;14;106;1046;10803;0,00000;26.10.2018
26.10.2018;43;133297,00000;116648,50000;2;3;6;8;8;0;0;2;15;121;1151;11822;0,00000;2.11.2018
2.11.2018;44;120217,00000;110108,50000;3;2;5;2;7;9;0;0;10;121;1052;10803;0,00000;9.11.2018
9.11.2018;45;128153,00000;114076,50000;2;4;4;4;8;3;0;1;15;108;1156;11688;0,00000;16.11.2018
16.11.2018;46;129667,00000;114833,50000;1;1;0;3;2;3;0;0;10;126;1180;11709;0,00000;23.11.2018
23.11.2018;47;106086,00000;103043,00000;7;2;2;6;0;0;0;0;13;85;959;9433;0,00000;30.11.2018
30.11.2018;48;103495,00000;101747,50000;9;8;3;2;8;4;0;0;10;118;905;9401;0,00000;7.12.2018
7.12.2018;49;102757,00000;101378,50000;1;8;6;4;9;8;0;0;11;107;963;9308;0,00000;14.12.2018
14.12.2018;50;102731,00000;101365,50000;4;9;6;6;2;0;1;1;18;94;874;9153;50000,00000;21.12.2018
21.12.2018;51;112760,00000;106380,00000;7;2;8;3;8;1;0;4;10;85;1078;10204;0,00000;28.12.2018
28.12.2018;52;107843,00000;103921,50000;8;5;0;4;4;1;0;1;9;99;987;9770;0,00000;4.1.2019
4.1.2019;1;97241,00000;98620,50000;6;3;0;5;7;8;1;0;12;95;883;8739;50000,00000;11.1.2019
11.1.2019;2;101155,00000;100577,50000;5;9;5;2;1;7;0;0;12;94;920;9120;0,00000;18.1.2019
18.1.2019;3;103337,00000;101668,50000;5;7;8;9;1;7;0;1;7;101;977;9286;0,00000;25.1.2019
25.1.2019;4;105094,00000;102547,00000;9;5;0;9;6;8;0;2;14;93;1000;9446;0,00000;1.2.2019
1.2.2019;5;105367,00000;102683,50000;7;9;8;1;4;7;0;1;13;79;968;9478;0,00000;8.2.2019
8.2.2019;6;112498,00000;106249,00000;8;3;5;5;2;7;0;1;13;109;1025;10179;0,00000;15.2.2019
15.2.2019;7;105041,00000;102520,50000;7;3;7;5;4;3;0;1;7;86;918;9445;0,00000;22.2.2019
22.2.2019;8;104899,00000;102449,50000;1;0;0;8;9;8;0;2;10;92;922;9477;0,00000;1.3.2019
1.3.2019;9;104079,00000;102039,50000;2;1;6;1;9;0;0;3;14;102;886;9325;0,00000;8.3.2019
8.3.2019;10;106462,00000;103231,00000;9;7;8;1;8;4;0;3;18;92;943;9565;0,00000;15.3.2019
15.3.2019;11;117364,00000;108682,00000;0;7;4;8;2;9;0;0;10;129;1067;10400;0,00000;22.3.2019
22.3.2019;12;103897,00000;101948,50000;4;7;6;5;8;1;0;3;16;95;965;9525;0,00000;29.3.2019
29.3.2019;13;104354,00000;102177,00000;2;7;4;7;6;2;0;1;11;103;941;9653;0,00000;5.4.2019
5.4.2019;14;100709,00000;100354,50000;0;9;3;4;7;4;0;0;15;86;912;9307;0,00000;12.4.2019
12.4.2019;15;108846,00000;104423,00000;5;8;1;7;8;2;0;0;10;105;995;9770;0,00000;19.4.2019
19.4.2019;16;102360,00000;101180,00000;2;0;0;4;8;5;0;0;13;96;922;9244;0,00000;26.4.2019
26.4.2019;17;108538,00000;104269,00000;8;0;3;8;4;5;0;1;11;88;990;9837;0,00000;3.5.2019
3.5.2019;18;111195,00000;105597,50000;3;6;9;1;8;1;1;2;9;95;992;10342;50000,00000;10.5.2019
10.5.2019;19;135238,00000;117619,00000;5;7;6;1;3;5;0;0;16;107;1218;12386;0,00000;17.5.2019
17.5.2019;20;107802,00000;103901,00000;8;7;2;3;5;2;0;1;9;100;954;9849;0,00000;24.5.2019
24.5.2019;21;103742,00000;101871,00000;2;8;5;3;4;2;0;0;9;102;930;9334;0,00000;31.5.2019
31.5.2019;22;102105,00000;101052,50000;3;3;0;7;2;8;0;0;9;91;906;9153;0,00000;7.6.2019
7.6.2019;23;100787,00000;100393,50000;2;3;8;0;5;4;0;1;11;85;927;9133;0,00000;14.6.2019
14.6.2019;24;103689,00000;101844,50000;4;1;1;6;2;4;0;1;17;93;934;9400;0,00000;21.6.2019
21.6.2019;25;98534,00000;99267,00000;2;8;8;5;2;0;0;2;10;91;891;8618;0,00000;28.6.2019
28.6.2019;26;97576,00000;98788,00000;5;4;0;1;3;7;0;0;13;110;924;8699;0,00000;5.7.2019
5.7.2019;27;84270,00000;92135,00000;4;9;0;2;3;9;0;0;2;92;724;7479;0,00000;12.7.2019
12.7.2019;28;100392,00000;100196,00000;4;1;3;8;4;0;0;1;7;85;845;8909;0,00000;19.7.2019
19.7.2019;29;102177,00000;101088,50000;0;6;8;3;8;2;0;1;15;86;930;9229;0,00000;26.7.2019
26.7.2019;30;100149,00000;100074,50000;1;2;9;9;0;9;0;1;7;82;839;9081;0,00000;2.8.2019
2.8.2019;31;101414,00000;100707,00000;4;6;8;9;9;4;1;1;13;105;873;9300;50000,00000;9.8.2019
9.8.2019;32;112285,00000;106142,50000;7;2;9;2;0;8;0;0;10;101;951;10323;0,00000;16.8.2019
16.8.2019;33;118314,00000;109157,00000;0;1;9;4;9;6;0;4;14;116;1029;10738;0,00000;23.8.2019
23.8.2019;34;128829,00000;114414,50000;5;8;6;2;6;7;0;1;12;107;1167;11705;0,00000;30.8.2019
30.8.2019;35;96575,00000;98287,50000;0;2;4;0;6;1;0;1;10;85;855;8650;0,00000;6.9.2019
6.9.2019;36;101530,00000;100765,00000;6;8;0;4;7;1;0;1;6;94;944;9157;0,00000;13.9.2019
13.9.2019;37;115001,00000;107500,50000;2;6;2;2;6;9;0;2;11;110;1028;10138;0,00000;20.9.2019
20.9.2019;38;106294,00000;103147,00000;9;1;4;3;0;2;0;0;14;91;954;9681;0,00000;27.9.2019
27.9.2019;39;99071,00000;99535,50000;9;6;2;6;4;9;0;1;9;81;898;8608;0,00000;4.10.2019
4.10.2019;40;98672,00000;99336,00000;5;8;4;0;9;3;1;0;15;94;847;8848;50000,00000;11.10.2019
11.10.2019;41;104130,00000;102065,00000;1;0;7;1;3;3;0;1;10;98;927;9508;0,00000;18.10.2019
18.10.2019;42;106019,00000;103009,50000;2;7;3;7;2;7;0;1;6;108;987;9658;0,00000;25.10.2019
25.10.2019;43;105986,00000;102993,00000;0;5;9;0;7;4;1;2;13;99;995;9533;50000,00000;1.11.2019
1.11.2019;44;96691,00000;98345,50000;7;9;4;3;3;8;0;0;9;90;858;8923;0,00000;8.11.2019
8.11.2019;45;113874,00000;106937,00000;1;8;6;0;8;1;0;1;15;97;1065;10245;0,00000;15.11.2019
15.11.2019;46;79091,00000;89545,50000;1;1;6;9;8;0;0;1;9;62;709;6988;0,00000;22.11.2019
22.11.2019;47;129646,00000;114823,00000;3;6;5;6;8;6;0;0;16;130;1194;11778;0,00000;29.11.2019
29.11.2019;48;104759,00000;102379,50000;9;5;6;0;2;3;1;1;9;102;925;9439;50000,00000;6.12.2019
6.12.2019;49;106313,00000;103156,50000;0;5;7;6;9;3;0;1;14;94;966;9761;0,00000;13.12.2019
13.12.2019;50;116147,00000;108073,50000;3;8;5;5;1;8;0;2;10;128;1058;10688;0,00000;20.12.2019
20.12.2019;51;116777,00000;108388,50000;4;2;7;6;4;5;0;2;9;103;1050;10426;0,00000;27.12.2019
27.12.2019;52;101518,00000;100759,00000;3;4;5;8;2;5;0;0;7;88;956;8973;0,00000;3.1.2020
3.1.2020;1;108586,00000;104293,00000;4;5;3;2;6;3;0;1;4;91;1026;9580;0,00000;10.1.2020
10.1.2020;2;111853,00000;105926,50000;6;3;0;0;2;5;1;1;17;90;1031;10042;50000,00000;17.1.2020
17.1.2020;3;117832,00000;108916,00000;0;2;8;1;7;7;0;1;11;100;1062;10761;0,00000;24.1.2020
24.1.2020;4;117026,00000;108513,00000;6;9;5;3;1;5;0;0;9;109;1074;10675;0,00000;31.1.2020
31.1.2020;5;127232,00000;113616,00000;0;1;0;4;9;4;0;1;10;118;1136;11455;0,00000;7.2.2020
7.2.2020;6;152099,00000;126049,50000;9;8;1;2;5;5;0;0;8;134;1314;13850;0,00000;14.2.2020
14.2.2020;7;120350,00000;110175,00000;1;7;7;9;9;1;0;3;14;101;1050;10756;0,00000;21.2.2020
21.2.2020;8;116677,00000;108338,50000;6;5;9;9;5;1;0;2;14;83;1057;10401;0,00000;28.2.2020
28.2.2020;9;116050,00000;108025,00000;9;3;1;2;2;6;0;1;11;114;1084;10396;0,00000;6.3.2020
6.3.2020;10;127418,00000;113709,00000;5;3;8;8;8;6;0;2;12;136;1123;11380;0,00000;13.3.2020
13.3.2020;11;121531,00000;110765,50000;7;8;8;2;0;8;0;0;31;107;1115;10854;0,00000;20.3.2020
20.3.2020;12;82065,00000;91032,50000;3;9;2;4;6;8;0;0;8;58;750;7381;0,00000;27.3.2020
27.3.2020;13;86861,00000;93430,50000;7;4;7;1;1;3;0;0;12;94;780;7899;0,00000;3.4.2020
3.4.2020;14;94984,00000;97492,00000;1;9;9;5;7;5;0;1;8;93;860;8538;0,00000;10.4.2020
10.4.2020;15;96444,00000;98222,00000;1;3;1;0;9;1;0;0;11;77;831;8793;0,00000;17.4.2020
17.4.2020;16;125120,00000;112560,00000;3;2;8;2;9;0;1;0;13;115;1069;10861;50000,00000;24.4.2020
24.4.2020;17;140377,00000;120188,50000;0;1;3;8;3;3;1;1;19;119;1312;12753;50000,00000;1.5.2020
1.5.2020;18;128325,00000;114162,50000;2;3;4;0;8;1;0;1;9;111;1167;11586;0,00000;8.5.2020
8.5.2020;19;106505,00000;103252,50000;2;4;9;9;1;8;0;0;9;98;976;9695;0,00000;15.5.2020
15.5.2020;20;121149,00000;110574,50000;0;5;5;6;0;4;0;0;5;123;1009;11156;0,00000;22.5.2020
22.5.2020;21;118563,00000;109281,50000;2;9;4;4;0;1;1;0;14;104;994;10676;50000,00000;29.5.2020
29.5.2020;22;119887,00000;109943,50000;1;6;7;9;1;1;0;0;8;98;1144;10976;0,00000;5.6.2020
5.6.2020;23;113653,00000;106826,50000;4;8;1;6;0;7;0;2;9;121;960;10393;0,00000;12.6.2020
12.6.2020;24;114838,00000;107419,00000;9;2;1;7;7;5;0;0;8;104;1035;10474;0,00000;19.6.2020
19.6.2020;25;116567,00000;108283,50000;2;5;9;9;6;7;0;1;16;98;1055;10618;0,00000;26.6.2020
26.6.2020;26;115606,00000;107803,00000;6;2;6;7;6;5;0;0;11;110;1076;10476;0,00000;3.7.2020
3.7.2020;27;108197,00000;104098,50000;2;8;9;2;2;6;0;0;21;72;955;9881;0,00000;10.7.2020
10.7.2020;28;110967,00000;105483,50000;7;1;4;5;4;2;0;1;11;101;976;10014;0,00000;17.7.2020
17.7.2020;29;119365,00000;109682,50000;8;5;4;8;6;1;0;0;6;107;1158;10525;0,00000;24.7.2020
24.7.2020;30;116308,00000;108154,00000;9;7;2;7;7;7;0;0;10;107;1094;10623;0,00000;31.7.2020
31.7.2020;31;119014,00000;109507,00000;3;3;4;0;0;0;0;1;13;108;1005;10471;0,00000;7.8.2020
7.8.2020;32;127876,00000;113938,00000;0;2;5;6;2;3;0;2;19;117;1156;11541;0,00000;14.8.2020
14.8.2020;33;128426,00000;114213,00000;2;6;1;1;8;4;0;1;44;238;755;12118;0,00000;21.8.2020
21.8.2020;34;124074,00000;112037,00000;8;4;9;4;8;7;0;0;11;123;1139;11198;0,00000;28.8.2020
28.8.2020;35;121370,00000;110685,00000;6;7;0;0;5;7;0;0;2;89;1054;10925;0,00000;4.9.2020
4.9.2020;36;110286,00000;105143,00000;5;8;2;0;8;6;0;1;7;108;1041;10012;0,00000;11.9.2020
11.9.2020;37;117951,00000;108975,50000;8;8;9;6;5;6;0;1;12;116;1079;10640;0,00000;18.9.2020
18.9.2020;38;112856,00000;106428,00000;3;5;8;0;6;4;0;2;10;94;1003;10230;0,00000;25.9.2020
25.9.2020;39;114840,00000;107420,00000;6;9;4;4;7;0;0;0;8;93;1109;9861;0,00000;2.10.2020
2.10.2020;40;114856,00000;107428,00000;2;2;4;7;5;5;0;0;12;103;1051;10225;0,00000;9.10.2020
9.10.2020;41;116897,00000;108448,50000;0;7;4;5;0;2;1;3;14;98;1026;10564;50000,00000;16.10.2020
16.10.2020;42;126648,00000;113324,00000;5;1;0;8;9;0;0;0;7;114;1178;11134;0,00000;23.10.2020
23.10.2020;43;113764,00000;106882,00000;6;9;6;8;2;7;0;1;3;136;977;10788;0,00000;30.10.2020
30.10.2020;44;114315,00000;107157,50000;5;0;7;1;3;3;0;0;14;98;1044;10337;0,00000;6.11.2020
6.11.2020;45;118074,00000;109037,00000;7;9;4;7;7;6;0;1;10;113;1076;10745;0,00000;13.11.2020
13.11.2020;46;143272,00000;121636,00000;8;3;4;9;6;4;0;3;11;145;1265;13086;0,00000;20.11.2020
20.11.2020;47;135380,00000;117690,00000;3;6;2;1;3;7;0;0;13;136;1269;12328;0,00000;27.11.2020
27.11.2020;48;126826,00000;113413,00000;6;0;8;6;3;1;0;1;5;123;1137;11445;0,00000;4.12.2020
4.12.2020;49;125042,00000;112521,00000;8;0;9;3;3;6;0;1;13;114;1145;11277;0,00000;11.12.2020
11.12.2020;50;132032,00000;116016,00000;4;8;7;2;2;4;0;1;21;126;1198;11757;0,00000;18.12.2020
18.12.2020;51;140867,00000;120433,50000;5;9;3;8;9;5;0;0;8;129;1218;12824;0,00000;25.12.2020
25.12.2020;52;106487,00000;103243,50000;2;1;4;9;3;5;0;4;8;107;977;9660;0,00000;1.1.2021
1.1.2021;53;127198,00000;113599,00000;3;3;6;4;3;0;2;0;15;107;1125;10994;25000,00000;8.1.2021
8.1.2021;1;141561,00000;120780,50000;4;6;8;3;3;5;1;0;12;112;1289;12659;50000,00000;15.1.2021
15.1.2021;2;164516,00000;132258,00000;8;8;5;4;8;7;1;0;25;153;1518;14789;50000,00000;22.1.2021
22.1.2021;3;134782,00000;117391,00000;9;1;5;7;3;8;0;0;11;125;1205;12389;0,00000;29.1.2021
29.1.2021;4;129385,00000;114692,50000;4;6;1;7;6;2;0;1;13;107;1199;11637;0,00000;5.2.2021
5.2.2021;5;129780,00000;114890,00000;2;2;7;8;3;7;0;1;14;129;1181;12003;0,00000;12.2.2021
12.2.2021;6;127619,00000;113809,50000;9;8;2;5;9;4;0;1;19;122;1082;11639;0,00000;19.2.2021
19.2.2021;7;139375,00000;119687,50000;7;6;8;5;2;3;0;1;11;124;1257;12500;0,00000;26.2.2021
26.2.2021;8;131857,00000;115928,50000;8;7;6;4;7;2;0;0;11;112;1223;11928;0,00000;5.3.2021
5.3.2021;9;130620,00000;115310,00000;5;1;2;0;3;7;0;2;10;124;1260;11858;0,00000;12.3.2021
12.3.2021;10;139383,00000;119691,50000;9;4;6;7;4;0;0;1;15;128;1209;12023;0,00000;19.3.2021
19.3.2021;11;132248,00000;116124,00000;8;5;2;0;2;5;0;1;20;117;1261;12005;0,00000;26.3.2021
26.3.2021;12;129769,00000;114884,50000;7;5;3;0;7;5;0;1;8;112;1185;11842;0,00000;2.4.2021
2.4.2021;13;118958,00000;109479,00000;9;4;7;9;0;6;0;0;8;88;1072;10804;0,00000;9.4.2021
9.4.2021;14;128908,00000;114454,00000;0;9;0;7;1;3;1;1;11;129;1179;11907;50000,00000;16.4.2021
16.4.2021;15;139313,00000;119656,50000;4;6;9;1;2;1;0;2;10;145;1281;12517;0,00000;23.4.2021
23.4.2021;16;135030,00000;117515,00000;3;7;6;5;1;2;0;1;16;123;1230;12254;0,00000;30.4.2021
30.4.2021;17;132325,00000;116162,50000;5;3;0;1;7;2;0;1;6;101;1180;11872;0,00000;7.5.2021
7.5.2021;18;135469,00000;117734,50000;7;0;8;3;0;2;0;3;15;128;1169;12341;0,00000;14.5.2021
14.5.2021;19;142634,00000;121317,00000;7;3;5;0;1;6;0;2;14;112;1319;13135;0,00000;21.5.2021
21.5.2021;20;147627,00000;123813,50000;4;8;5;5;8;1;0;0;10;141;1315;13447;0,00000;28.5.2021
28.5.2021;21;148518,00000;124259,00000;0;7;0;9;5;6;0;1;9;135;1357;13422;0,00000;4.6.2021
4.6.2021;22;126221,00000;113110,50000;5;3;7;0;5;0;0;1;12;119;1123;10984;0,00000;11.6.2021
11.6.2021;23;127437,00000;113718,50000;3;2;3;9;7;3;1;1;10;121;1172;11645;50000,00000;18.6.2021
18.6.2021;24;130514,00000;115257,00000;8;7;8;7;9;6;0;1;10;130;1151;11970;0,00000;25.6.2021
25.6.2021;25;131058,00000;115529,00000;6;1;2;7;3;5;0;1;12;95;1207;11870;0,00000;2.7.2021
2.7.2021;26;124648,00000;112324,00000;0;1;6;4;9;6;0;0;15;100;1115;11324;0,00000;9.7.2021
9.7.2021;27;121889,00000;110944,50000;5;3;1;9;7;2;1;0;12;94;1143;10964;50000,00000;16.7.2021
16.7.2021;28;129245,00000;114622,50000;2;1;5;7;7;8;0;1;12;106;1179;11747;0,00000;23.7.2021
23.7.2021;29;127714,00000;113857,00000;6;4;0;7;7;8;0;0;9;107;1165;11533;0,00000;30.7.2021
30.7.2021;30;127947,00000;113973,50000;7;8;8;9;3;4;0;0;15;112;1201;11547;0,00000;6.8.2021
6.8.2021;31;135026,00000;117513,00000;8;9;3;3;0;8;0;1;10;115;1223;12381;0,00000;13.8.2021
13.8.2021;32;169836,00000;134918,00000;9;2;0;6;0;0;0;0;13;144;1481;14751;0,00000;20.8.2021
20.8.2021;33;131551,00000;115775,50000;6;2;4;3;8;4;1;0;11;105;1197;11840;50000,00000;27.8.2021
27.8.2021;34;133462,00000;116731,00000;2;0;0;5;3;7;0;2;8;116;1150;12233;0,00000;3.9.2021
3.9.2021;35;125955,00000;112977,50000;1;2;1;3;7;0;0;1;8;114;1099;10947;0,00000;10.9.2021
10.9.2021;36;132709,00000;116354,50000;5;0;4;4;2;6;0;2;12;102;1163;12074;0,00000;17.9.2021
17.9.2021;37;127919,00000;113959,50000;5;1;0;9;3;6;0;1;14;116;1162;11563;0,00000;24.9.2021
24.9.2021;38;130794,00000;115397,00000;1;5;4;0;1;6;0;2;10;133;1145;11873;0,00000;1.10.2021
1.10.2021;39;125500,00000;112750,00000;6;8;4;4;0;0;0;0;5;109;1020;10961;0,00000;8.10.2021
8.10.2021;40;128403,00000;114201,50000;1;6;0;2;2;3;0;1;14;119;1162;11724;0,00000;15.10.2021
15.10.2021;41;134313,00000;117156,50000;1;7;7;2;2;3;0;1;18;127;1210;12127;0,00000;22.10.2021
22.10.2021;42;130627,00000;115313,50000;5;4;1;7;1;5;0;0;14;121;1159;11986;0,00000;29.10.2021
29.10.2021;43;125198,00000;112599,00000;2;1;6;0;0;7;0;1;4;109;1109;11404;0,00000;5.11.2021
5.11.2021;44;124132,00000;112066,00000;5;4;2;7;4;5;0;2;14;91;1161;11191;0,00000;12.11.2021
12.11.2021;45;129243,00000;114621,50000;9;7;7;5;0;3;0;1;10;111;1128;11759;0,00000;19.11.2021
19.11.2021;46;130579,00000;115289,50000;2;2;4;4;6;0;0;4;10;94;1124;11474;0,00000;26.11.2021
26.11.2021;47;128741,00000;114370,50000;0;4;2;3;8;8;0;2;12;97;1142;11649;0,00000;3.12.2021
3.12.2021;48;139442,00000;119721,00000;5;9;3;1;2;5;0;3;16;109;1201;12530;0,00000;10.12.2021
10.12.2021;49;158780,00000;129390,00000;3;7;4;1;3;3;0;2;17;133;1464;14391;0,00000;17.12.2021
17.12.2021;50;170645,00000;135322,50000;9;7;3;6;5;6;0;2;17;149;1555;15395;0,00000;24.12.2021
24.12.2021;51;146506,00000;123253,00000;4;8;7;2;7;5;0;1;14;130;1347;13292;0,00000;31.12.2021
31.12.2021;52;150744,00000;125372,00000;1;2;0;0;6;0;0;2;15;118;1314;13001;0,00000;7.1.2022
7.1.2022;1;138761,00000;119380,50000;0;9;5;5;5;3;1;0;12;138;1209;12533;50000,00000;14.1.2022
14.1.2022;2;144971,00000;122485,50000;0;9;9;3;5;2;0;1;13;121;1329;13131;0,00000;21.1.2022
21.1.2022;3;145229,00000;122614,50000;4;4;6;9;9;9;0;0;9;117;1237;12594;0,00000;28.1.2022
28.1.2022;4;136178,00000;118089,00000;7;9;2;5;6;0;0;1;12;140;1104;11662;0,00000;4.2.2022
4.2.2022;5;137728,00000;118864,00000;3;7;6;6;6;2;0;1;16;121;1312;12511;0,00000;11.2.2022
11.2.2022;6;135958,00000;117979,00000;9;5;4;6;3;3;0;1;16;118;1239;12474;0,00000;18.2.2022
18.2.2022;7;139182,00000;119591,00000;6;5;4;1;7;5;0;1;15;140;1291;12577;0,00000;25.2.2022
25.2.2022;8;140978,00000;120489,00000;4;2;1;1;5;3;0;0;12;133;1274;12840;0,00000;4.3.2022
4.3.2022;9;134313,00000;117156,50000;9;1;3;0;7;3;1;1;10;113;1222;12089;50000,00000;11.3.2022
11.3.2022;10;140675,00000;120337,50000;0;8;1;4;2;0;0;1;10;129;1219;12055;0,00000;18.3.2022
18.3.2022;11;161116,00000;130558,00000;0;6;9;0;3;1;0;2;17;133;1487;14626;0,00000;25.3.2022
25.3.2022;12;126730,00000;113365,00000;4;7;3;9;5;1;0;0;12;112;1095;11268;0,00000;29.3.2022
29.3.2022;13;69877,00000;84938,50000;8;5;2;2;6;9;0;2;5;62;618;6077;0,00000;1.4.2022
1.4.2022;13;110854,00000;105427,00000;4;0;9;5;6;1;0;3;5;100;998;9931;0,00000;5.4.2022
5.4.2022;14;75316,00000;87658,00000;2;5;9;3;0;6;0;1;6;77;628;6799;0,00000;8.4.2022
8.4.2022;14;117856,00000;108928,00000;7;1;2;8;3;0;1;1;6;93;1020;10163;50000,00000;12.4.2022
12.4.2022;15;88942,00000;94471,00000;1;9;6;8;1;7;0;0;11;70;830;8153;0,00000;15.4.2022
15.4.2022;15;100637,00000;100318,50000;0;5;4;0;2;5;0;0;6;89;991;9249;0,00000;19.4.2022
19.4.2022;16;73471,00000;86735,50000;7;1;9;4;1;1;0;1;7;69;666;6596;0,00000;22.4.2022
22.4.2022;16;115454,00000;107727,00000;1;3;1;2;3;6;1;5;15;102;1014;10474;50000,00000;26.4.2022
26.4.2022;17;84426,00000;92213,00000;3;1;0;0;5;9;0;2;6;68;745;7127;0,00000;29.4.2022
29.4.2022;17;110713,00000;105356,50000;1;1;8;6;6;6;0;0;16;98;1050;10028;0,00000;3.5.2022
3.5.2022;18;83214,00000;91607,00000;8;2;5;0;8;4;0;0;7;78;763;7477;0,00000;6.5.2022
6.5.2022;18;115368,00000;107684,00000;4;0;4;3;8;4;0;1;13;117;1067;10414;0,00000;10.5.2022
10.5.2022;19;87287,00000;93643,50000;7;2;1;3;4;0;0;0;5;79;766;7514;0,00000;13.5.2022
13.5.2022;19;129933,00000;114966,50000;5;6;3;7;6;6;0;0;12;128;1229;11711;0,00000;17.5.2022
17.5.2022;20;94329,00000;97164,50000;8;7;1;8;6;0;0;1;9;78;840;8098;0,00000;20.5.2022
20.5.2022;20;128826,00000;114413,00000;8;9;7;2;5;7;0;1;12;133;1208;11783;0,00000;24.5.2022
24.5.2022;21;81876,00000;90938,00000;1;1;1;2;5;9;0;0;4;70;717;6981;0,00000;27.5.2022
27.5.2022;21;106598,00000;103299,00000;6;6;6;0;2;2;0;0;9;115;998;9502;0,00000;31.5.2022
31.5.2022;22;77086,00000;88543,00000;7;4;0;5;6;2;0;1;7;67;714;7091;0,00000;3.6.2022
3.6.2022;22;104744,00000;102372,00000;4;9;3;8;4;4;0;2;12;104;933;9461;0,00000;7.6.2022
7.6.2022;23;82918,00000;91459,00000;0;5;1;5;0;9;0;3;8;89;687;7277;0,00000;10.6.2022
10.6.2022;23;107409,00000;103704,50000;3;8;5;7;7;7;1;0;10;86;1013;9791;50000,00000;14.6.2022
14.6.2022;24;81088,00000;90544,00000;8;0;2;3;6;7;1;1;10;77;722;7467;50000,00000;17.6.2022
17.6.2022;24;109966,00000;104983,00000;6;1;9;7;7;3;0;2;11;89;1013;10213;0,00000;21.6.2022
21.6.2022;25;82653,00000;91326,50000;6;2;5;4;0;0;0;1;11;56;653;7145;0,00000;24.6.2022
24.6.2022;25;110853,00000;105426,50000;2;4;8;7;8;5;0;2;6;96;1001;10011;0,00000;28.6.2022
28.6.2022;26;79635,00000;89817,50000;8;5;5;4;8;3;0;0;10;76;750;7309;0,00000;1.7.2022
1.7.2022;26;104712,00000;102356,00000;4;7;9;4;1;2;0;0;6;99;911;9382;0,00000;5.7.2022
5.7.2022;27;70723,00000;85361,50000;9;5;9;1;6;1;0;1;8;63;666;6314;0,00000;8.7.2022
8.7.2022;27;111068,00000;105534,00000;4;3;4;8;2;0;0;1;15;88;962;9648;0,00000;12.7.2022
12.7.2022;28;89950,00000;94975,00000;0;0;4;8;6;8;0;0;9;68;825;8246;0,00000;15.7.2022
15.7.2022;28;129313,00000;114656,50000;8;7;6;8;8;1;0;1;17;114;1213;11716;0,00000;19.7.2022
19.7.2022;29;101302,00000;100651,00000;7;8;0;6;0;7;1;1;9;97;876;9457;50000,00000;22.7.2022
22.7.2022;29;134714,00000;117357,00000;5;3;0;8;5;9;0;2;11;115;1161;11667;0,00000;26.7.2022
26.7.2022;30;81668,00000;90834,00000;7;5;6;9;5;4;0;0;5;72;706;7442;0,00000;29.7.2022
29.7.2022;30;101556,00000;100778,00000;6;7;7;4;2;7;1;0;6;88;965;9197;50000,00000;2.8.2022
2.8.2022;31;81420,00000;90710,00000;2;4;1;9;2;1;0;1;9;75;773;7360;0,00000;5.8.2022
5.8.2022;31;105023,00000;102511,50000;0;9;4;3;5;6;0;0;13;72;1005;9615;0,00000;9.8.2022
9.8.2022;32;85209,00000;92604,50000;0;4;5;4;0;4;0;0;8;75;770;7800;0,00000;12.8.2022
12.8.2022;32;109822,00000;104911,00000;7;5;0;2;4;9;0;2;11;102;937;9404;0,00000;16.8.2022
16.8.2022;33;83132,00000;91566,00000;8;1;3;1;3;0;0;0;6;64;706;7301;0,00000;19.8.2022
19.8.2022;33;106185,00000;103092,50000;1;2;0;2;0;2;0;0;10;105;996;9637;0,00000;23.8.2022
23.8.2022;34;80964,00000;90482,00000;0;5;9;8;5;9;0;1;6;56;682;6919;0,00000;26.8.2022
26.8.2022;34;100375,00000;100187,50000;9;5;9;7;9;9;0;0;8;76;823;8734;0,00000;30.8.2022
30.8.2022;35;72002,00000;86001,00000;9;4;0;1;8;6;0;1;4;60;654;6549;0,00000;2.9.2022
2.9.2022;35;94283,00000;97141,50000;4;5;4;1;9;5;0;2;12;80;819;8710;0,00000;6.9.2022
6.9.2022;36;78049,00000;89024,50000;7;4;8;3;0;7;1;0;6;74;682;7207;50000,00000;9.9.2022
9.9.2022;36;101097,00000;100548,50000;3;0;8;8;7;0;0;1;5;67;873;8748;0,00000;13.9.2022
13.9.2022;37;78932,00000;89466,00000;2;1;0;3;0;4;0;2;9;66;682;7247;0,00000;16.9.2022
16.9.2022;37;94502,00000;97251,00000;5;8;5;8;2;9;0;1;7;83;770;8224;0,00000;20.9.2022
20.9.2022;38;78307,00000;89153,50000;6;2;1;4;3;2;1;1;5;62;712;7044;50000,00000;23.9.2022
23.9.2022;38;104325,00000;102162,50000;6;2;5;0;4;5;0;0;14;82;910;9324;0,00000;27.9.2022
27.9.2022;39;76765,00000;88382,50000;1;7;8;2;2;5;0;2;5;73;723;6973;0,00000;30.9.2022
30.9.2022;39;97771,00000;98885,50000;3;0;8;9;4;2;0;1;6;89;879;8871;0,00000;4.10.2022
4.10.2022;40;77734,00000;88867,00000;8;9;0;5;5;6;0;1;10;101;714;7002;0,00000;7.10.2022
7.10.2022;40;98026,00000;99013,00000;1;9;1;9;1;7;0;1;8;78;944;8950;0,00000;11.10.2022
11.10.2022;41;80674,00000;90337,00000;4;8;8;1;9;2;0;0;5;74;689;7330;0,00000;14.10.2022
14.10.2022;41;107322,00000;103661,00000;3;4;5;0;4;8;0;2;8;100;989;9719;0,00000;18.10.2022
18.10.2022;42;84111,00000;92055,50000;9;7;7;8;4;9;0;2;8;78;720;7246;0,00000;21.10.2022
21.10.2022;42;109779,00000;104889,50000;7;6;3;6;4;4;0;2;12;100;1008;9927;0,00000;25.10.2022
25.10.2022;43;87604,00000;93802,00000;6;8;5;8;1;8;0;2;4;74;830;8082;0,00000;28.10.2022
28.10.2022;43;116657,00000;108328,50000;4;6;3;3;2;8;0;2;13;111;1013;10604;0,00000;1.11.2022
1.11.2022;44;83999,00000;91999,50000;3;0;5;1;4;4;0;1;5;88;762;7550;0,00000;4.11.2022
4.11.2022;44;127936,00000;113968,00000;0;6;1;9;6;6;0;1;11;109;1148;11569;0,00000;8.11.2022
8.11.2022;45;107451,00000;103725,50000;5;3;3;5;8;8;0;1;15;121;1005;9743;0,00000;11.11.2022
11.11.2022;45;110599,00000;105299,50000;6;0;0;0;1;8;1;2;9;101;994;9898;50000,00000;15.11.2022
15.11.2022;46;84968,00000;92484,00000;3;2;8;5;7;9;0;0;3;71;738;7414;0,00000;18.11.2022
18.11.2022;46;99442,00000;99721,00000;2;1;8;4;4;9;0;1;12;85;847;8632;0,00000;22.11.2022
22.11.2022;47;83954,00000;91977,00000;1;0;5;5;0;4;0;1;5;85;687;7733;0,00000;25.11.2022
25.11.2022;47;104747,00000;102373,50000;0;4;8;3;0;1;1;2;9;88;889;9431;50000,00000;29.11.2022
29.11.2022;48;81939,00000;90969,50000;2;4;5;6;2;4;0;0;9;75;727;7502;0,00000;2.12.2022
2.12.2022;48;103908,00000;101954,00000;6;3;7;7;2;7;0;1;12;87;919;9439;0,00000;6.12.2022
6.12.2022;49;84542,00000;92271,00000;1;6;6;5;4;1;0;2;7;68;788;7710;0,00000;9.12.2022
9.12.2022;49;111086,00000;105543,00000;6;8;6;9;8;2;0;0;15;111;968;10007;0,00000;13.12.2022
13.12.2022;50;83300,00000;91650,00000;0;7;0;5;6;3;1;0;8;67;693;7537;50000,00000;16.12.2022
16.12.2022;50;104413,00000;102206,50000;6;0;1;4;7;2;0;2;13;101;920;9535;0,00000;20.12.2022
20.12.2022;51;87853,00000;93926,50000;8;2;3;6;5;1;0;1;7;81;794;7761;0,00000;23.12.2022
23.12.2022;51;122586,00000;111293,00000;9;9;2;6;6;3;0;0;11;92;1127;11066;0,00000;27.12.2022
27.12.2022;52;68749,00000;84374,50000;9;7;2;9;5;4;1;1;7;52;651;6130;50000,00000;30.12.2022
30.12.2022;52;117391,00000;108695,50000;3;0;2;7;0;3;0;0;13;87;1037;10826;0,00000;3.1.2023
3.1.2023;1;83421,00000;91710,50000;8;9;0;6;9;8;0;0;6;86;760;7396;0,00000;6.1.2023
6.1.2023;1;88974,00000;94487,00000;6;7;7;2;7;2;0;1;7;96;815;8027;0,00000;10.1.2023
10.1.2023;2;87242,00000;93621,00000;0;1;7;1;4;9;0;0;3;76;782;7909;0,00000;13.1.2023
13.1.2023;2;124496,00000;112248,00000;4;9;6;3;5;3;1;2;12;117;1139;11250;50000,00000;17.1.2023
17.1.2023;3;92655,00000;96327,50000;4;3;7;3;0;6;1;1;8;75;839;8151;50000,00000;20.1.2023
20.1.2023;3;117641,00000;108820,50000;2;9;1;8;3;1;0;2;9;104;1028;10587;0,00000;24.1.2023
24.1.2023;4;101452,00000;100726,00000;4;7;4;9;9;9;0;1;9;99;912;9164;0,00000;27.1.2023
27.1.2023;4;123493,00000;111746,50000;5;0;2;7;2;8;0;1;13;104;1114;11014;0,00000;31.1.2023
31.1.2023;5;102121,00000;101060,50000;9;7;4;1;1;3;0;0;12;85;937;9045;0,00000;3.2.2023
3.2.2023;5;107770,00000;103885,00000;7;9;9;6;6;6;0;1;4;104;912;9673;0,00000;7.2.2023
7.2.2023;6;85024,00000;92512,00000;7;3;5;7;3;5;0;0;10;76;762;7680;0,00000;10.2.2023
10.2.2023;6;110886,00000;105443,00000;4;2;2;8;4;6;0;0;8;95;981;9992;0,00000;14.2.2023
14.2.2023;7;90863,00000;95431,50000;6;2;6;4;6;5;0;0;8;100;793;8200;0,00000;17.2.2023
17.2.2023;7;112247,00000;106123,50000;1;2;6;9;8;8;0;0;13;91;1065;10128;0,00000;21.2.2023
21.2.2023;8;85672,00000;92836,00000;6;3;8;5;4;2;0;1;6;71;825;7674;0,00000;24.2.2023
24.2.2023;8;106996,00000;103498,00000;2;2;4;6;1;1;0;1;14;88;939;9581;0,00000;28.2.2023
28.2.2023;9;83553,00000;91776,50000;7;4;9;3;3;6;0;2;8;66;817;7606;0,00000;3.3.2023
3.3.2023;9;105561,00000;102780,50000;3;1;0;7;3;6;0;3;12;79;1027;9628;0,00000;7.3.2023
7.3.2023;10;84580,00000;92290,00000;1;2;0;0;8;6;0;1;9;67;779;7613;0,00000;10.3.2023
10.3.2023;10;109827,00000;104913,50000;8;5;4;5;9;7;0;1;11;96;986;9906;0,00000;14.3.2023
14.3.2023;11;87622,00000;93811,00000;2;5;3;5;6;4;0;1;5;89;846;8056;0,00000;17.3.2023
17.3.2023;11;109135,00000;104567,50000;7;1;3;6;5;2;1;0;6;107;938;9715;50000,00000;21.3.2023
21.3.2023;12;86820,00000;93410,00000;6;3;1;3;9;1;0;0;8;89;803;7700;0,00000;24.3.2023
24.3.2023;12;109434,00000;104717,00000;7;3;6;4;7;4;0;0;11;106;1010;9903;0,00000;28.3.2023
28.3.2023;13;89668,00000;94834,00000;5;8;3;0;5;2;0;2;3;81;790;8016;0,00000;31.3.2023
31.3.2023;13;104110,00000;102055,00000;4;6;5;5;0;4;0;1;7;93;871;9382;0,00000;4.4.2023
4.4.2023;14;85341,00000;92670,50000;5;2;9;0;0;7;0;0;6;68;755;7753;0,00000;7.4.2023
7.4.2023;14;94237,00000;97118,50000;1;3;7;5;6;6;0;0;6;81;876;8658;0,00000;11.4.2023
11.4.2023;15;74054,00000;87027,00000;1;9;3;6;5;4;0;0;8;64;643;6696;0,00000;14.4.2023
14.4.2023;15;112918,00000;106459,00000;8;8;2;9;1;9;0;1;7;116;1045;10099;0,00000;18.4.2023
18.4.2023;16;88248,00000;94124,00000;6;9;7;7;2;1;1;0;5;79;791;7849;50000,00000;21.4.2023
21.4.2023;16;107509,00000;103754,50000;5;6;0;2;7;2;0;0;11;104;969;9716;0,00000;25.4.2023
25.4.2023;17;86640,00000;93320,00000;3;9;8;8;3;5;0;0;8;80;748;7886;0,00000;28.4.2023
28.4.2023;17;103330,00000;101665,00000;2;1;2;2;4;3;0;1;9;94;906;9364;0,00000;2.5.2023
2.5.2023;18;74528,00000;87264,00000;5;6;2;8;2;4;0;0;12;79;672;6645;0,00000;5.5.2023
5.5.2023;18;101213,00000;100606,50000;6;1;8;1;5;0;0;1;13;81;889;9103;0,00000;9.5.2023
9.5.2023;19;74751,00000;87375,50000;9;0;4;4;3;6;0;0;9;85;666;6687;0,00000;12.5.2023
12.5.2023;19;103000,00000;101500,00000;6;6;2;5;0;0;0;2;11;79;923;9220;0,00000;16.5.2023
16.5.2023;20;84629,00000;92314,50000;2;7;5;9;0;4;0;1;9;79;767;7689;0,00000;19.5.2023
19.5.2023;20;104770,00000;102385,00000;2;2;2;9;6;1;1;0;5;86;886;9467;50000,00000;23.5.2023
23.5.2023;21;81249,00000;90624,50000;9;0;0;4;2;1;0;1;9;75;752;7217;0,00000;26.5.2023
26.5.2023;21;100950,00000;100475,00000;0;0;8;0;7;1;0;1;8;95;970;8951;0,00000;30.5.2023
30.5.2023;22;84417,00000;92208,50000;1;5;0;9;7;5;0;0;4;82;806;7473;0,00000;2.6.2023
2.6.2023;22;103525,00000;101762,50000;1;2;8;9;4;4;1;0;15;93;878;9309;50000,00000;6.6.2023
6.6.2023;23;86819,00000;93409,50000;2;3;2;4;2;5;0;1;4;77;765;7853;0,00000;9.6.2023
9.6.2023;23;118676,00000;109338,00000;8;8;5;1;4;3;0;3;8;104;1059;10548;0,00000;13.6.2023
13.6.2023;24;96886,00000;98443,00000;5;2;0;8;6;8;0;1;12;74;904;8649;0,00000;16.6.2023
16.6.2023;24;134818,00000;117409,00000;8;6;2;6;5;6;0;2;10;110;1160;12078;0,00000;20.6.2023
20.6.2023;25;112325,00000;106162,50000;2;8;9;6;7;8;0;3;9;98;998;10115;0,00000;23.6.2023
23.6.2023;25;127263,00000;113631,50000;2;9;0;9;2;3;1;1;14;95;1166;11416;50000,00000;27.6.2023
27.6.2023;26;82338,00000;91169,00000;2;2;3;4;6;1;0;1;8;83;770;7371;0,00000;30.6.2023
30.6.2023;26;101199,00000;100599,50000;9;1;8;6;9;8;0;2;8;74;909;9116;0,00000;4.7.2023
4.7.2023;27;84566,00000;92283,00000;6;8;8;1;5;4;0;0;8;77;787;7534;0,00000;7.7.2023
7.7.2023;27;98347,00000;99173,50000;1;1;7;5;3;0;0;2;10;82;878;8654;0,00000;11.7.2023
11.7.2023;28;83334,00000;91667,00000;2;2;1;9;8;4;0;0;16;84;742;7493;0,00000;14.7.2023
14.7.2023;28;104860,00000;102430,00000;2;7;5;2;6;3;1;0;15;106;938;9498;50000,00000;18.7.2023
18.7.2023;29;88011,00000;94005,50000;1;5;5;4;0;7;0;1;6;83;829;7991;0,00000;21.7.2023
21.7.2023;29;109502,00000;104751,00000;8;6;2;0;4;6;0;1;4;86;994;9809;0,00000;25.7.2023
25.7.2023;30;89591,00000;94795,50000;0;6;3;9;9;5;1;2;6;88;836;8015;50000,00000;28.7.2023
28.7.2023;30;110608,00000;105304,00000;8;6;1;8;4;7;0;1;12;111;977;10080;0,00000;1.8.2023
1.8.2023;31;94763,00000;97381,50000;1;6;4;6;1;0;0;0;10;70;807;8511;0,00000;4.8.2023
4.8.2023;31;123633,00000;111816,50000;0;0;8;1;9;7;0;1;8;117;1163;11156;0,00000;8.8.2023
8.8.2023;32;85418,00000;92709,00000;8;3;6;0;6;9;0;0;8;104;779;7605;0,00000;11.8.2023
11.8.2023;32;103842,00000;101921,00000;7;1;3;2;1;9;0;0;10;88;929;9242;0,00000;15.8.2023
15.8.2023;33;85049,00000;92524,50000;7;1;1;9;5;5;0;2;5;75;760;7764;0,00000;18.8.2023
18.8.2023;33;101673,00000;100836,50000;5;1;0;8;4;4;0;0;7;93;859;9239;0,00000;22.8.2023
22.8.2023;34;81475,00000;90737,50000;5;8;6;4;3;0;0;0;9;90;704;7205;0,00000;25.8.2023
25.8.2023;34;100140,00000;100070,00000;9;6;7;2;1;8;0;0;6;80;873;9002;0,00000;29.8.2023
29.8.2023;35;70930,00000;85465,00000;0;9;8;5;6;9;0;1;5;72;660;6307;0,00000;1.9.2023
1.9.2023;35;89478,00000;94739,00000;4;1;5;1;2;9;0;0;5;71;799;7924;0,00000;5.9.2023
5.9.2023;36;81965,00000;90982,50000;4;1;7;6;1;8;0;0;7;86;743;7427;0,00000;8.9.2023
8.9.2023;36;102726,00000;101363,00000;5;5;5;1;4;5;0;0;8;105;918;9156;0,00000;12.9.2023
12.9.2023;37;85290,00000;92645,00000;4;3;1;6;6;1;0;2;10;56;787;7638;0,00000;15.9.2023
15.9.2023;37;93764,00000;96882,00000;8;3;7;6;0;4;0;0;9;84;874;8320;0,00000;19.9.2023
19.9.2023;38;88621,00000;94310,50000;9;6;5;4;8;1;0;1;10;88;767;8017;0,00000;22.9.2023
22.9.2023;38;99924,00000;99962,00000;3;4;2;8;9;3;0;0;8;81;910;8984;0,00000;26.9.2023
26.9.2023;39;83608,00000;91804,00000;9;5;0;7;3;3;0;0;8;73;751;7651;0,00000;29.9.2023
29.9.2023;39;99365,00000;99682,50000;3;9;8;6;5;3;0;0;7;88;968;8893;0,00000;3.10.2023
3.10.2023;40;81137,00000;90568,50000;7;7;9;0;9;6;0;0;10;72;717;7223;0,00000;6.10.2023
6.10.2023;40;100728,00000;100364,00000;3;5;2;0;0;2;0;2;3;86;874;9094;0,00000;10.10.2023
10.10.2023;41;83947,00000;91973,50000;2;1;0;3;6;4;0;0;5;62;773;7635;0,00000;13.10.2023
13.10.2023;41;123923,00000;111961,50000;4;2;6;2;3;7;0;3;10;125;1094;11192;0,00000;17.10.2023
17.10.2023;42;82414,00000;91207,00000;8;7;4;9;6;1;0;0;6;82;750;7536;0,00000;20.10.2023
20.10.2023;42;101663,00000;100831,50000;4;2;7;0;8;0;0;0;4;82;911;9029;0,00000;24.10.2023
24.10.2023;43;82268,00000;91134,00000;8;6;3;7;0;4;0;1;9;74;741;7519;0,00000;27.10.2023
27.10.2023;43;98970,00000;99485,00000;4;5;5;8;2;4;0;0;9;85;898;8927;0,00000;31.10.2023
31.10.2023;44;85058,00000;92529,00000;7;3;8;7;3;3;0;1;8;62;759;7768;0,00000;3.11.2023
3.11.2023;44;96034,00000;98017,00000;4;0;5;6;8;7;0;0;11;98;853;8712;0,00000;7.11.2023
7.11.2023;45;80504,00000;90252,00000;1;7;8;3;7;9;0;1;8;73;724;7114;0,00000;10.11.2023
10.11.2023;45;102130,00000;101065,00000;9;2;1;7;0;2;0;2;14;97;934;9084;0,00000;14.11.2023
14.11.2023;46;85459,00000;92729,50000;3;1;6;1;1;9;0;2;8;70;703;7576;0,00000;17.11.2023
17.11.2023;46;92764,00000;96382,00000;6;6;6;1;0;4;0;0;3;82;772;8384;0,00000;21.11.2023
21.11.2023;47;83520,00000;91760,00000;3;4;9;6;0;8;0;2;8;78;763;7520;0,00000;24.11.2023
24.11.2023;47;99483,00000;99741,50000;3;2;3;4;4;4;0;0;6;89;924;8941;0,00000;28.11.2023
28.11.2023;48;84325,00000;92162,50000;2;5;0;5;5;1;0;0;10;71;794;7564;0,00000;1.12.2023
1.12.2023;48;98437,00000;99218,50000;1;9;3;0;2;0;0;0;10;86;929;8769;0,00000;5.12.2023
5.12.2023;49;83435,00000;91717,50000;1;7;0;9;2;6;0;0;3;74;741;7434;0,00000;8.12.2023
8.12.2023;49;102259,00000;101129,50000;0;7;9;6;9;2;0;1;10;79;922;9154;0,00000;12.12.2023
12.12.2023;50;89619,00000;94809,50000;0;8;1;4;2;7;1;1;7;84;798;7972;50000,00000;15.12.2023
15.12.2023;50;112761,00000;106380,50000;4;2;7;3;8;7;0;0;12;95;1022;10195;0,00000;19.12.2023
19.12.2023;51;99752,00000;99876,00000;9;0;6;2;4;1;0;1;9;91;828;8895;0,00000;22.12.2023
22.12.2023;51;128143,00000;114071,50000;8;7;9;5;9;6;2;0;6;98;1100;11599;25000,00000;26.12.2023
26.12.2023;52;62551,00000;81275,50000;4;4;6;0;7;5;1;1;10;58;589;5599;50000,00000;29.12.2023
29.12.2023;52;137229,00000;118614,50000;0;2;1;6;7;2;0;0;12;129;1243;12343;0,00000;2.1.2024
2.1.2024;1;101476,00000;100738,00000;1;8;4;8;8;2;0;2;5;98;939;8972;0,00000;5.1.2024
5.1.2024;1;134046,00000;117023,00000;0;4;8;0;6;4;0;2;14;124;1163;11958;0,00000;9.1.2024
9.1.2024;2;115361,00000;107680,50000;3;7;3;1;9;8;0;2;11;101;1037;10302;0,00000;12.1.2024
12.1.2024;2;139670,00000;119835,00000;2;8;0;1;8;6;0;1;13;132;1242;12530;0,00000;16.1.2024
16.1.2024;3;120407,00000;110203,50000;8;8;0;2;9;9;0;1;12;120;1102;10748;0,00000;19.1.2024
19.1.2024;3;110362,00000;105181,00000;3;7;2;2;2;1;0;0;5;85;1002;9847;0,00000;23.1.2024
23.1.2024;4;89122,00000;94561,00000;9;7;5;9;4;5;0;1;6;83;831;8028;0,00000;26.1.2024
26.1.2024;4;106265,00000;103132,50000;3;4;5;6;3;7;0;0;14;103;982;9580;0,00000;30.1.2024
30.1.2024;5;89083,00000;94541,50000;1;6;1;2;1;0;0;1;8;84;843;7814;0,00000;2.2.2024
2.2.2024;5;106711,00000;103355,50000;3;2;7;1;6;8;0;2;13;104;949;9691;0,00000;6.2.2024
6.2.2024;6;88128,00000;94064,00000;7;1;4;3;5;7;0;3;11;79;769;8083;0,00000;9.2.2024
9.2.2024;6;108760,00000;104380,00000;3;4;4;5;3;0;0;2;10;109;960;9542;0,00000;13.2.2024
13.2.2024;7;85999,00000;92999,50000;2;8;2;1;9;7;1;0;6;81;818;7729;50000,00000;16.2.2024
16.2.2024;7;106086,00000;103043,00000;8;4;6;2;1;8;0;0;13;99;925;9532;0,00000;20.2.2024
20.2.2024;8;91503,00000;95751,50000;5;0;5;6;9;6;0;1;6;70;805;8269;0,00000;23.2.2024
23.2.2024;8;104909,00000;102454,50000;3;7;7;8;5;1;0;2;5;87;955;9563;0,00000;27.2.2024
27.2.2024;9;82002,00000;91001,00000;1;3;8;8;2;1;0;0;5;69;757;7442;0,00000;1.3.2024
1.3.2024;9;100054,00000;100027,00000;6;6;3;0;9;6;0;0;12;80;901;8877;0,00000;5.3.2024
5.3.2024;10;82176,00000;91088,00000;3;1;5;4;1;6;1;0;8;71;705;7446;50000,00000;8.3.2024
8.3.2024;10;100678,00000;100339,00000;9;5;6;7;1;9;0;1;7;92;909;8996;0,00000;12.3.2024
12.3.2024;11;84906,00000;92453,00000;4;8;5;6;7;2;0;0;11;68;759;7640;0,00000;15.3.2024
15.3.2024;11;107218,00000;103609,00000;3;6;6;8;0;9;0;2;15;88;977;9520;0,00000;19.3.2024
19.3.2024;12;92249,00000;96124,50000;0;0;9;3;9;1;0;0;7;89;873;8324;0,00000;22.3.2024
22.3.2024;12;105051,00000;102525,50000;0;0;9;6;0;9;0;2;9;94;905;9456;0,00000;26.3.2024
26.3.2024;13;86331,00000;93165,50000;2;8;8;9;7;1;0;2;9;83;768;7783;0,00000;29.3.2024
29.3.2024;13;91682,00000;95841,00000;8;9;6;9;1;2;0;0;11;86;822;8152;0,00000;2.4.2024
2.4.2024;14;72824,00000;86412,00000;5;2;0;6;5;3;0;0;6;50;626;6746;0,00000;5.4.2024
5.4.2024;14;103854,00000;101927,00000;6;0;9;5;0;5;0;0;9;86;964;9379;0,00000;9.4.2024
9.4.2024;15;84383,00000;92191,50000;7;7;9;6;2;0;0;1;13;86;716;7537;0,00000;12.4.2024
12.4.2024;15;106689,00000;103344,50000;1;4;6;0;3;7;0;3;12;102;956;9630;0,00000;16.4.2024
16.4.2024;16;99882,00000;99941,00000;8;0;9;1;1;0;0;0;12;88;888;8919;0,00000;19.4.2024
19.4.2024;16;129704,00000;114852,00000;1;3;3;9;5;6;0;3;16;108;1138;11757;0,00000;23.4.2024
23.4.2024;17;110293,00000;105146,50000;1;2;9;4;0;0;0;1;7;88;912;9880;0,00000;26.4.2024
26.4.2024;17;105136,00000;102568,00000;1;5;6;8;2;3;0;1;8;100;969;9516;0,00000;30.4.2024
30.4.2024;18;87619,00000;93809,50000;4;2;8;4;0;2;0;0;13;79;778;7930;0,00000;3.5.2024
3.5.2024;18;97741,00000;98870,50000;8;0;9;0;0;8;0;1;12;88;866;8949;0,00000;7.5.2024
7.5.2024;19;88059,00000;94029,50000;2;9;9;9;5;9;0;0;8;91;807;7938;0,00000;10.5.2024
10.5.2024;19;101425,00000;100712,50000;9;4;1;4;5;4;0;1;9;77;921;9234;0,00000;14.5.2024
14.5.2024;20;87923,00000;93961,50000;9;6;4;3;2;6;0;0;2;65;756;7910;0,00000;17.5.2024
17.5.2024;20;107718,00000;103859,00000;4;7;1;1;7;8;0;2;14;88;975;9502;0,00000;21.5.2024
21.5.2024;21;90397,00000;95198,50000;3;7;6;1;8;0;1;0;8;93;794;7966;50000,00000;24.5.2024
24.5.2024;21;107891,00000;103945,50000;2;1;7;3;0;0;0;1;11;102;919;9545;0,00000;28.5.2024
28.5.2024;22;94042,00000;97021,00000;7;8;7;0;7;2;0;0;11;86;833;8326;0,00000;31.5.2024
31.5.2024;22;120224,00000;110112,00000;3;4;4;2;5;9;0;2;6;117;1086;10839;0,00000;4.6.2024
4.6.2024;23;106362,00000;103181,00000;2;1;1;3;5;9;0;2;10;88;968;9557;0,00000;7.6.2024
7.6.2024;23;100123,00000;100061,50000;2;5;5;7;0;5;0;1;5;77;877;8866;0,00000;11.6.2024
11.6.2024;24;84556,00000;92278,00000;3;0;2;1;8;2;0;1;5;71;746;7518;0,00000;14.6.2024
14.6.2024;24;103538,00000;101769,00000;4;6;0;1;2;2;0;2;8;88;952;9275;0,00000;18.6.2024
18.6.2024;25;84879,00000;92439,50000;9;0;3;5;4;8;0;1;10;67;756;7793;0,00000;21.6.2024
21.6.2024;25;101442,00000;100721,00000;4;6;0;6;0;5;0;0;9;75;884;9174;0,00000;25.6.2024
25.6.2024;26;83634,00000;91817,00000;8;5;4;1;8;3;0;5;8;86;753;7470;0,00000;28.6.2024
28.6.2024;26;103954,00000;101977,00000;8;0;4;3;8;3;0;1;7;105;887;9371;0,00000;2.7.2024
2.7.2024;27;83312,00000;91656,00000;7;2;2;5;9;4;0;1;5;64;727;7673;0,00000;5.7.2024
5.7.2024;27;89344,00000;94672,00000;2;4;6;8;1;5;0;0;10;76;848;8112;0,00000;9.7.2024
9.7.2024;28;88968,00000;94484,00000;8;6;7;4;2;4;0;1;6;85;852;8043;0,00000;12.7.2024
12.7.2024;28;99409,00000;99704,50000;0;2;9;5;4;4;0;1;13;103;897;8904;0,00000;16.7.2024
16.7.2024;29;84588,00000;92294,00000;6;6;2;6;4;2;0;0;6;76;791;7527;0,00000;19.7.2024
19.7.2024;29;104268,00000;102134,00000;0;7;7;3;7;6;0;2;11;91;934;9408;0,00000;23.7.2024
23.7.2024;30;85898,00000;92949,00000;6;8;3;6;1;7;0;1;12;86;748;7742;0,00000;26.7.2024
26.7.2024;30;102332,00000;101166,00000;6;4;3;9;3;7;0;0;8;95;951;9376;0,00000;30.7.2024
30.7.2024;31;86455,00000;93227,50000;8;3;7;9;3;3;0;1;7;90;762;7730;0,00000;2.8.2024
2.8.2024;31;98503,00000;99251,50000;3;0;1;2;5;8;0;0;12;94;911;8865;0,00000;6.8.2024
6.8.2024;32;83024,00000;91512,00000;3;0;5;6;3;9;0;0;6;83;718;7374;0,00000;9.8.2024
9.8.2024;32;103674,00000;101837,00000;8;6;3;8;0;7;0;2;15;107;959;9256;0,00000;13.8.2024
13.8.2024;33;87353,00000;93676,50000;1;8;0;9;1;7;0;0;7;70;818;7822;0,00000;16.8.2024
16.8.2024;33;104368,00000;102184,00000;9;8;5;4;0;3;0;2;7;92;956;9401;0,00000;20.8.2024
20.8.2024;34;93051,00000;96525,50000;0;8;1;3;3;1;0;1;12;74;896;8331;0,00000;23.8.2024
23.8.2024;34;104983,00000;102491,50000;3;1;5;3;2;4;0;1;11;90;957;9382;0,00000;27.8.2024
27.8.2024;35;88632,00000;94316,00000;7;5;7;2;2;8;0;1;6;84;779;8083;0,00000;30.8.2024
30.8.2024;35;100538,00000;100269,00000;0;9;2;0;1;3;0;1;13;97;875;9069;0,00000;3.9.2024
3.9.2024;36;84655,00000;92327,50000;8;8;9;1;4;8;0;1;9;81;754;7570;0,00000;6.9.2024
6.9.2024;36;97467,00000;98733,50000;9;0;5;0;8;8;0;0;4;95;843;8777;0,00000;10.9.2024
