KENOID;DATUM;TYZDEN;C_1;C_2;C_3;C_4;C_5;C_6;C_7;C_8;C_9;C_10;C_11;C_12;C_13;C_14;C_15;C_16;C_17;C_18;C_19;C_20
1;20.11.1995;47;6;14;23;24;26;28;29;34;37;47;49;52;54;59;61;73;75;77;78;79
2;21.11.1995;47;1;4;11;17;24;26;28;33;35;36;54;56;57;61;67;72;74;75;78;79
3;22.11.1995;47;4;5;12;19;24;26;27;31;38;40;43;44;46;51;52;63;67;72;74;77
4;23.11.1995;47;1;13;14;17;18;23;24;32;43;45;46;49;50;60;69;71;73;74;76;80
5;24.11.1995;47;3;5;8;12;13;15;16;18;22;24;49;54;62;63;65;68;72;73;75;78
6;25.11.1995;47;12;13;18;24;31;32;33;34;37;38;43;46;47;49;54;56;68;77;78;80
7;27.11.1995;48;3;4;7;12;14;17;19;29;30;35;38;44;48;55;57;58;62;64;67;68
8;28.11.1995;48;6;16;17;26;28;38;45;46;49;50;51;52;58;59;65;70;71;72;74;80
9;29.11.1995;48;6;7;23;24;28;29;33;34;35;39;42;45;46;55;56;62;64;68;69;80
10;30.11.1995;48;3;4;9;10;12;16;22;24;25;32;34;35;37;40;43;48;51;68;69;78
11;1.12.1995;48;2;6;10;11;19;21;24;25;30;31;32;37;46;52;53;54;63;64;75;80
12;2.12.1995;48;1;11;16;18;23;28;30;37;39;43;44;45;48;50;63;66;68;70;76;80
13;4.12.1995;49;2;8;13;19;20;25;26;30;33;34;36;48;58;60;63;67;70;73;76;78
14;5.12.1995;49;2;8;11;20;29;33;35;36;38;39;46;49;55;56;59;62;65;68;76;77
15;6.12.1995;49;3;10;11;13;18;21;23;24;26;27;28;30;32;39;43;53;60;63;69;71
16;7.12.1995;49;3;4;8;9;10;17;19;22;24;25;28;36;41;47;53;59;60;66;73;74
17;8.12.1995;49;9;12;21;26;30;33;34;37;41;44;53;55;56;57;64;67;68;69;71;73
18;9.12.1995;49;1;4;14;24;27;29;31;34;39;43;44;45;49;51;56;58;61;73;74;78
19;11.12.1995;50;3;5;6;24;25;26;27;39;40;45;47;49;51;54;58;61;69;73;79;80
20;12.12.1995;50;1;10;11;17;26;29;31;39;46;55;59;64;65;67;68;69;70;71;74;77
21;13.12.1995;50;1;2;6;12;17;21;25;27;29;33;34;35;47;50;67;68;72;73;78;80
22;14.12.1995;50;3;4;6;7;8;10;11;13;32;43;46;52;54;56;57;64;65;67;72;78
23;15.12.1995;50;3;4;10;20;23;24;28;33;34;37;39;42;46;49;54;56;60;62;68;69
24;16.12.1995;50;5;8;9;11;13;15;18;21;23;25;26;31;34;35;37;50;53;56;69;77
25;18.12.1995;51;10;13;19;20;21;34;39;46;47;48;53;59;61;64;67;68;73;74;75;77
26;19.12.1995;51;4;12;20;26;28;30;33;35;41;52;53;55;59;62;67;68;71;74;76;79
27;20.12.1995;51;1;2;3;4;10;19;31;32;38;44;46;54;56;59;64;65;71;74;75;77
28;21.12.1995;51;1;3;4;11;14;22;28;30;32;33;37;48;50;51;54;57;62;67;69;73
29;22.12.1995;51;6;12;13;14;17;21;25;26;31;33;37;46;56;58;62;63;66;75;76;79
30;23.12.1995;51;1;2;3;9;12;14;15;22;28;34;41;42;48;49;53;56;65;71;72;74
31;27.12.1995;52;6;8;10;12;13;20;23;24;25;33;38;39;44;47;55;58;68;69;71;74
32;28.12.1995;52;4;10;12;16;18;19;26;32;33;36;41;42;45;48;49;51;54;62;68;71
33;29.12.1995;52;1;2;3;7;13;18;21;24;25;30;35;37;47;48;50;64;67;76;77;78
34;30.12.1995;52;3;4;14;17;22;29;42;46;50;62;65;66;68;69;72;74;75;76;77;80
35;2.1.1996;1;3;7;9;10;15;16;22;23;32;36;39;45;47;50;54;56;57;66;69;80
36;3.1.1996;1;9;11;15;21;25;27;31;37;39;40;45;49;52;56;57;60;64;65;68;77
37;4.1.1996;1;2;9;21;22;23;24;31;35;36;37;38;46;54;57;64;70;72;75;79;80
38;5.1.1996;1;3;11;19;23;27;28;30;31;33;38;42;46;53;54;57;58;59;66;72;77
39;6.1.1996;1;5;7;13;18;25;29;32;35;40;44;47;48;49;53;57;61;64;66;74;75
40;8.1.1996;2;1;8;10;11;16;17;18;25;30;32;38;48;49;51;55;56;58;59;64;67
41;9.1.1996;2;3;8;19;26;30;33;38;49;50;56;61;62;66;70;71;72;73;77;79;80
42;10.1.1996;2;1;2;14;19;22;31;33;34;35;40;41;48;49;55;57;60;66;69;71;79
43;11.1.1996;2;9;10;15;16;20;29;30;39;42;43;49;52;53;63;70;71;72;74;78;80
44;12.1.1996;2;4;5;6;8;10;15;18;25;36;37;42;48;54;56;58;63;64;70;77;80
45;13.1.1996;2;6;9;19;24;25;28;30;32;35;40;43;45;46;52;54;58;65;67;69;73
46;15.1.1996;3;3;4;6;13;16;17;25;34;35;40;42;46;48;51;55;58;65;66;68;76
47;16.1.1996;3;1;2;3;15;20;21;22;24;33;37;38;43;47;53;55;60;63;64;72;75
48;17.1.1996;3;3;6;7;8;9;12;14;18;21;23;27;33;42;53;54;55;58;60;66;79
49;18.1.1996;3;3;6;9;10;12;20;22;24;25;33;46;57;58;60;68;69;70;74;75;80
50;19.1.1996;3;2;5;21;22;23;25;26;28;31;33;37;38;39;43;45;50;51;52;53;74
51;20.1.1996;3;3;4;5;16;20;35;36;41;45;52;58;62;63;67;68;74;76;77;78;79
52;22.1.1996;4;3;5;6;11;12;16;18;21;24;29;37;38;39;44;47;50;63;67;70;77
53;23.1.1996;4;1;4;11;16;22;24;30;31;34;36;39;41;48;54;58;69;70;71;75;80
54;24.1.1996;4;2;7;8;17;19;29;31;35;38;39;41;56;57;60;64;65;72;73;76;79
55;25.1.1996;4;4;5;7;12;18;26;34;35;36;38;40;48;51;54;63;65;66;72;73;78
56;26.1.1996;4;5;6;8;10;13;20;24;28;29;33;35;48;51;63;67;68;69;71;72;75
57;27.1.1996;4;2;10;21;28;30;31;32;33;34;38;42;44;45;47;50;51;56;61;79;80
58;29.1.1996;5;1;2;8;12;21;30;38;39;44;45;50;51;56;64;65;66;67;69;72;75
59;30.1.1996;5;4;5;12;14;16;18;26;29;33;42;43;44;54;57;59;60;63;72;74;78
60;31.1.1996;5;7;18;20;25;29;33;35;36;40;44;45;50;54;59;64;65;69;70;76;79
61;1.2.1996;5;1;4;5;6;10;15;16;28;33;36;40;41;44;45;46;54;64;67;72;73
62;2.2.1996;5;1;3;7;8;9;11;18;30;32;36;39;43;46;47;49;51;53;56;62;74
63;3.2.1996;5;5;6;17;32;35;37;40;41;42;47;49;56;58;60;64;65;67;70;73;78
64;5.2.1996;6;11;13;14;17;20;33;36;37;39;42;46;49;50;60;62;63;64;68;71;73
65;6.2.1996;6;6;11;12;13;17;25;26;28;31;39;44;52;54;57;64;65;69;74;76;80
66;7.2.1996;6;2;6;7;13;15;16;19;23;28;33;34;36;38;39;43;68;73;75;76;77
67;8.2.1996;6;1;4;5;7;9;14;15;26;27;30;36;37;39;50;56;58;62;66;71;76
68;9.2.1996;6;4;7;9;12;22;23;27;34;36;43;44;47;48;53;55;57;60;70;72;76
69;10.2.1996;6;5;11;12;25;31;35;37;44;45;46;53;55;56;62;63;66;71;73;76;77
70;12.2.1996;7;1;24;25;26;29;33;34;36;43;44;51;56;66;68;70;72;73;74;78;79
71;13.2.1996;7;14;18;24;26;28;30;33;34;36;41;45;47;48;57;61;65;68;73;77;80
72;14.2.1996;7;3;11;13;14;18;26;30;34;35;42;46;59;61;65;68;69;73;76;77;80
73;15.2.1996;7;1;3;7;9;18;22;27;28;34;45;52;59;61;69;70;74;76;77;79;80
74;16.2.1996;7;1;3;6;10;11;14;16;25;26;37;47;49;50;52;55;61;65;67;70;72
75;17.2.1996;7;1;13;16;18;31;37;39;40;44;46;47;49;51;62;69;70;71;75;76;80
76;19.2.1996;8;4;6;11;14;18;20;32;35;37;39;40;46;50;55;58;65;70;74;75;79
77;20.2.1996;8;6;9;10;11;19;20;24;27;41;43;44;48;57;59;60;66;68;76;77;78
78;21.2.1996;8;4;5;7;15;17;19;35;40;41;42;46;53;58;59;63;72;73;77;78;80
79;22.2.1996;8;1;3;18;33;35;36;38;45;46;49;52;54;56;61;64;65;67;69;78;80
80;23.2.1996;8;1;6;7;12;13;14;16;17;18;19;20;28;53;55;57;59;62;69;77;78
81;24.2.1996;8;6;9;11;13;16;19;24;30;34;38;54;59;60;61;63;64;69;71;76;77
82;26.2.1996;9;5;8;9;10;11;13;14;15;20;21;27;30;36;52;59;67;72;73;76;80
83;27.2.1996;9;1;3;6;8;13;16;20;22;23;24;25;41;44;45;50;65;70;74;76;80
84;28.2.1996;9;2;3;7;10;15;16;24;26;27;28;30;33;37;56;58;62;67;74;76;79
85;29.2.1996;9;6;7;9;16;18;22;31;32;36;38;41;43;46;48;49;50;60;62;65;76
86;1.3.1996;9;3;9;12;13;17;24;25;27;35;40;41;45;47;49;51;55;59;61;71;76
87;2.3.1996;9;3;6;10;12;13;14;25;27;29;36;41;48;50;51;53;59;69;71;76;78
88;4.3.1996;10;2;4;5;6;18;19;33;35;36;37;40;43;45;55;58;60;65;72;74;75
89;5.3.1996;10;2;8;16;19;20;36;40;41;44;47;48;49;52;55;56;59;74;75;76;78
90;6.3.1996;10;7;9;10;11;12;15;16;17;18;19;25;43;46;58;61;63;68;69;70;73
91;7.3.1996;10;3;8;12;24;26;40;46;48;51;52;53;55;57;63;64;68;70;74;76;79
92;8.3.1996;10;3;6;9;10;11;14;18;19;29;30;35;37;40;47;55;57;61;68;74;75
93;9.3.1996;10;4;17;23;27;29;30;32;35;36;40;42;44;46;52;53;70;71;72;76;78
94;11.3.1996;11;1;6;9;16;31;35;38;41;43;46;53;59;61;66;69;71;74;77;79;80
95;12.3.1996;11;9;10;12;15;17;19;22;25;26;28;33;39;42;51;56;64;69;73;77;79
96;13.3.1996;11;9;13;14;26;27;31;44;46;47;53;56;57;59;63;65;67;69;71;74;78
97;14.3.1996;11;2;3;5;6;7;8;17;24;28;29;30;36;42;43;44;59;64;66;68;69
98;15.3.1996;11;2;6;8;14;17;28;31;37;42;46;49;50;56;61;63;68;70;73;78;79
99;16.3.1996;11;1;4;5;7;8;14;17;19;21;22;27;29;30;39;44;61;66;67;73;77
100;18.3.1996;12;1;3;10;11;14;22;23;29;31;33;38;40;41;42;44;49;60;64;71;78
101;19.3.1996;12;5;7;12;14;25;28;29;31;34;39;40;52;58;59;60;64;68;69;71;76
102;20.3.1996;12;2;3;4;8;10;12;30;37;38;47;49;51;53;56;58;64;65;76;77;78
103;21.3.1996;12;5;10;15;16;18;19;20;32;34;39;40;53;54;58;60;68;71;75;79;80
104;22.3.1996;12;4;5;13;19;26;30;34;36;45;52;53;55;56;57;65;67;73;76;78;79
105;23.3.1996;12;12;24;26;27;28;29;30;39;45;50;56;58;61;62;64;66;70;72;75;76
106;25.3.1996;13;1;2;6;9;14;17;21;23;27;29;37;47;52;54;55;56;63;74;75;77
107;26.3.1996;13;3;4;5;6;7;14;18;19;24;25;26;40;57;59;64;65;67;74;76;77
108;27.3.1996;13;2;10;17;22;23;26;29;31;35;36;44;49;50;54;65;70;73;75;76;77
109;28.3.1996;13;1;2;7;8;13;14;15;16;25;29;31;33;40;43;47;48;65;68;70;74
110;29.3.1996;13;1;8;14;15;18;21;28;32;33;37;38;42;47;52;56;60;67;70;75;78
111;30.3.1996;13;2;3;4;9;13;14;15;20;24;30;32;38;40;45;46;58;63;66;72;74
112;1.4.1996;14;1;4;5;11;14;18;23;24;26;28;31;34;36;37;44;47;49;53;59;68
113;2.4.1996;14;7;15;17;26;28;30;32;37;40;44;46;48;50;57;68;69;72;77;78;79
114;3.4.1996;14;3;6;7;11;14;25;26;27;29;35;37;38;46;48;57;58;60;61;62;76
115;4.4.1996;14;8;18;24;35;36;39;40;45;47;50;53;58;61;62;71;73;74;75;76;80
116;6.4.1996;14;10;12;17;21;22;23;24;33;50;51;52;54;56;58;59;63;67;68;70;79
117;9.4.1996;14;7;8;10;15;25;26;31;32;38;41;42;44;46;50;51;54;59;61;71;77
118;10.4.1996;15;4;11;12;15;17;20;21;22;26;35;36;37;46;52;54;57;59;65;66;78
119;11.4.1996;15;1;15;17;20;21;22;28;39;41;43;45;48;55;56;58;59;61;63;64;68
120;12.4.1996;15;7;8;20;22;23;30;35;38;39;43;46;47;50;51;52;58;70;72;74;77
121;13.4.1996;15;11;13;15;17;25;30;31;32;48;49;51;53;59;61;63;67;69;71;79;80
122;15.4.1996;15;10;13;16;18;23;24;26;27;29;40;42;52;54;55;56;57;60;65;68;75
123;16.4.1996;16;2;3;15;16;17;22;24;28;35;36;38;47;58;60;61;62;64;66;68;76
124;17.4.1996;16;1;6;7;10;12;19;20;25;32;33;37;38;39;53;59;68;69;71;72;74
125;18.4.1996;16;5;7;9;10;11;15;16;26;28;34;37;38;43;46;62;64;71;74;75;80
126;19.4.1996;16;9;11;12;14;15;21;27;30;32;33;48;51;55;56;58;67;69;73;76;79
127;20.4.1996;16;7;12;13;20;23;24;26;28;30;32;34;38;40;48;55;64;71;76;78;80
128;22.4.1996;16;2;3;8;12;14;20;21;22;25;31;41;52;54;58;60;68;69;76;79;80
129;23.4.1996;17;3;8;17;28;29;31;33;34;35;40;44;49;51;54;57;59;60;71;73;78
130;24.4.1996;17;5;6;7;14;16;17;25;26;28;31;41;42;46;47;49;50;56;59;60;66
131;25.4.1996;17;5;17;25;26;27;28;33;35;36;40;44;45;49;50;55;60;63;71;73;75
132;26.4.1996;17;7;12;14;16;18;21;26;28;30;31;37;41;44;45;57;59;61;62;76;79
133;27.4.1996;17;1;2;5;8;16;21;23;33;47;57;61;62;67;68;69;72;74;75;77;78
134;29.4.1996;17;10;17;18;20;22;24;25;32;38;41;47;48;50;58;61;65;69;71;73;75
135;30.4.1996;18;1;2;3;4;17;21;24;36;40;44;45;46;53;54;65;68;74;77;78;80
136;1.5.1996;18;4;6;7;8;11;12;16;19;21;23;24;36;37;41;51;52;56;61;71;74
137;2.5.1996;18;7;9;16;34;37;38;43;45;46;48;49;50;54;57;58;60;61;64;68;72
138;3.5.1996;18;1;4;5;7;8;16;18;23;24;30;41;42;50;58;59;62;73;74;75;79
139;4.5.1996;18;4;7;9;16;18;19;22;23;28;32;33;34;42;47;50;54;57;60;65;69
140;6.5.1996;18;1;3;10;25;26;29;33;34;40;41;45;49;56;59;60;67;69;70;74;77
141;7.5.1996;19;1;2;13;15;16;17;19;22;33;34;38;39;45;46;47;55;63;66;68;77
142;8.5.1996;19;1;2;4;6;10;14;16;22;24;27;30;31;32;38;40;45;48;51;57;74
143;9.5.1996;19;17;20;22;24;30;32;34;42;46;47;48;49;54;67;68;72;73;75;79;80
144;10.5.1996;19;7;16;20;21;24;26;28;30;31;36;43;44;47;50;52;53;55;67;70;76
145;11.5.1996;19;5;9;12;13;24;31;36;37;38;43;48;51;53;58;62;67;69;75;76;79
146;13.5.1996;19;6;13;23;29;32;34;36;39;40;46;48;51;53;61;63;64;68;72;73;76
147;14.5.1996;20;5;6;8;14;22;25;26;36;43;45;50;51;59;61;62;65;66;68;75;78
148;15.5.1996;20;4;15;24;28;31;33;34;36;40;46;48;52;58;60;66;67;76;78;79;80
149;16.5.1996;20;1;7;11;14;15;18;22;29;31;32;33;35;44;49;51;52;64;68;79;80
150;17.5.1996;20;3;8;11;22;23;25;26;31;35;42;44;47;56;61;62;63;69;73;74;78
151;18.5.1996;20;5;6;11;17;18;21;24;25;29;36;38;46;49;52;54;55;61;71;73;78
152;20.5.1996;20;3;13;14;16;27;28;38;39;46;48;49;53;55;58;60;65;74;77;78;80
153;21.5.1996;21;3;4;8;10;15;16;34;39;42;43;46;49;50;59;61;69;72;74;78;80
154;22.5.1996;21;2;3;4;8;9;13;25;27;28;32;34;35;36;47;51;53;60;63;72;74
155;23.5.1996;21;1;2;13;14;16;17;21;27;31;35;37;40;42;43;46;48;57;58;64;65
156;24.5.1996;21;3;11;14;15;18;20;22;27;28;33;35;36;37;38;39;40;41;59;64;76
157;25.5.1996;21;3;5;8;9;15;20;24;27;28;34;35;38;40;53;55;64;76;77;78;79
158;27.5.1996;21;3;5;7;11;12;14;15;24;30;31;35;37;41;43;47;58;62;69;76;80
159;28.5.1996;22;6;10;13;17;25;33;35;37;38;41;54;55;56;57;62;65;67;74;75;76
160;29.5.1996;22;2;8;11;14;22;31;33;45;50;54;59;62;63;64;66;67;72;75;76;80
161;30.5.1996;22;2;5;6;7;9;11;15;19;31;33;35;36;42;44;49;50;56;62;66;72
162;31.5.1996;22;1;5;6;11;14;18;30;31;33;37;38;39;40;42;43;54;59;60;61;63
163;1.6.1996;22;1;4;5;10;12;13;17;21;25;32;44;47;48;61;64;66;71;73;74;79
164;3.6.1996;22;3;7;17;18;23;27;33;35;43;45;47;52;53;56;62;63;66;67;74;78
165;4.6.1996;23;6;8;11;12;18;21;22;24;25;28;31;33;44;51;52;56;66;67;76;77
166;5.6.1996;23;4;10;18;20;21;25;26;27;33;34;46;47;50;52;55;58;61;66;74;75
167;6.6.1996;23;4;6;15;16;19;20;22;27;29;32;39;43;47;54;56;60;62;67;71;72
168;7.6.1996;23;7;31;32;40;44;46;47;48;51;58;60;64;66;67;69;71;73;76;78;79
169;8.6.1996;23;4;6;8;9;13;23;25;29;31;33;40;42;43;44;47;60;64;67;68;79
170;10.6.1996;23;1;3;4;5;15;18;19;24;26;27;35;36;46;53;57;60;61;67;72;80
171;11.6.1996;24;3;4;11;12;16;19;21;33;39;45;48;52;54;55;57;58;59;62;74;77
172;12.6.1996;24;5;8;16;18;23;24;27;31;34;37;38;44;48;51;54;63;65;69;78;80
173;13.6.1996;24;6;7;10;21;23;24;28;32;39;41;42;45;50;51;54;57;62;66;71;79
174;14.6.1996;24;2;3;8;10;11;13;15;17;21;26;32;33;34;41;44;54;55;56;67;70
175;15.6.1996;24;3;6;8;10;13;18;22;28;34;37;51;52;55;57;59;60;61;65;68;71
176;17.6.1996;24;1;3;5;11;18;25;31;32;37;43;45;48;53;62;63;64;72;73;74;76
177;18.6.1996;25;2;10;13;14;17;18;22;25;27;32;33;34;36;50;54;55;59;62;65;66
178;19.6.1996;25;16;17;20;26;29;35;36;40;43;50;52;53;54;57;60;65;67;72;73;75
179;20.6.1996;25;1;2;4;6;19;24;28;34;35;36;48;49;55;57;60;61;68;74;79;80
180;21.6.1996;25;18;22;29;34;36;42;44;45;46;50;55;57;60;64;65;67;71;72;73;78
181;22.6.1996;25;7;9;13;17;24;26;27;33;40;43;44;45;47;50;53;56;58;65;70;75
182;24.6.1996;25;6;9;12;23;25;30;34;36;37;46;51;55;57;60;63;66;67;69;75;77
183;25.6.1996;26;4;8;15;18;19;24;25;33;38;42;46;48;55;59;62;64;72;76;77;79
184;26.6.1996;26;7;8;9;16;17;21;24;34;44;47;56;59;60;61;63;66;71;78;79;80
185;27.6.1996;26;2;6;9;11;12;13;20;25;35;36;40;45;46;50;52;53;58;67;71;75
186;28.6.1996;26;4;5;15;17;18;19;20;23;24;26;28;31;35;39;58;60;65;69;71;75
187;29.6.1996;26;3;5;7;11;17;30;37;43;44;45;46;48;57;58;59;60;68;73;74;76
188;1.7.1996;26;1;11;22;23;29;30;39;43;44;46;47;50;51;52;64;67;69;70;72;73
189;2.7.1996;27;4;8;11;18;19;20;25;40;41;45;46;50;52;56;58;59;61;65;70;79
190;3.7.1996;27;3;4;8;10;16;17;26;29;33;37;38;43;45;57;58;62;63;68;73;77
191;4.7.1996;27;1;2;6;8;9;18;25;28;29;38;39;45;50;51;53;57;63;66;72;76
192;6.7.1996;27;2;7;8;10;13;15;22;25;26;29;33;36;43;45;58;60;67;75;76;78
193;8.7.1996;27;1;2;6;14;17;19;20;21;22;29;30;32;36;43;46;47;50;64;71;73
194;9.7.1996;27;1;6;8;12;19;20;22;28;30;32;35;41;43;47;50;63;68;69;72;80
195;10.7.1996;28;4;22;23;28;33;37;39;40;41;44;51;52;53;56;61;62;68;69;73;78
196;11.7.1996;28;1;4;5;11;15;16;24;35;40;41;42;44;45;46;55;58;62;66;74;76
197;12.7.1996;28;2;3;5;19;23;32;37;38;39;40;44;48;56;58;59;63;64;66;72;78
198;13.7.1996;28;1;7;10;12;13;16;18;22;24;27;33;39;49;56;58;61;62;66;74;79
199;15.7.1996;28;2;3;9;14;17;25;26;33;40;45;48;52;55;57;61;62;65;75;77;80
200;16.7.1996;28;3;12;14;18;21;22;23;24;26;28;29;34;36;49;61;71;72;73;74;78
201;17.7.1996;29;1;5;7;10;13;15;19;22;28;30;33;49;52;60;62;63;69;76;78;80
202;18.7.1996;29;1;4;6;9;10;16;19;20;23;26;40;41;51;53;55;62;66;69;71;77
203;19.7.1996;29;1;2;5;11;17;19;21;23;27;29;31;33;45;46;63;64;65;71;73;74
204;20.7.1996;29;9;19;20;23;24;33;34;35;36;43;47;48;49;52;53;62;63;66;75;76
205;22.7.1996;29;1;3;7;8;11;22;24;25;26;28;30;34;39;48;57;58;59;63;67;75
206;23.7.1996;29;1;2;7;14;16;19;21;23;29;32;40;44;49;52;59;60;61;67;68;73
207;24.7.1996;30;5;11;18;21;39;42;44;45;48;49;50;53;54;55;58;61;71;72;74;79
208;25.7.1996;30;5;6;12;13;20;21;25;33;35;36;40;44;50;53;62;65;67;74;76;80
209;26.7.1996;30;12;13;23;25;30;31;36;38;48;49;50;55;56;57;58;59;63;64;65;70
210;27.7.1996;30;6;7;10;15;16;21;28;29;36;38;39;49;52;55;58;60;66;73;76;80
211;29.7.1996;30;6;14;15;16;19;21;23;27;34;38;48;49;51;53;54;56;59;66;68;69
212;30.7.1996;30;2;4;10;22;26;30;31;37;38;47;50;51;58;60;65;67;71;73;75;78
213;31.7.1996;31;1;4;17;18;22;26;30;31;35;36;48;50;53;55;58;61;63;74;75;77
214;1.8.1996;31;1;3;11;13;17;19;24;29;33;34;38;39;49;55;57;58;59;61;78;79
215;2.8.1996;31;1;6;7;17;18;20;21;26;27;33;40;45;48;52;57;66;67;68;69;77
216;3.8.1996;31;3;5;9;13;16;17;23;32;33;34;38;41;43;49;50;61;71;72;73;77
217;5.8.1996;31;6;10;12;13;18;22;23;27;37;38;40;50;51;56;59;63;69;72;73;75
218;6.8.1996;31;6;12;13;16;17;23;33;36;38;42;43;45;48;50;51;59;61;63;68;80
219;7.8.1996;32;5;8;9;18;23;25;30;32;34;39;44;46;48;60;65;67;69;71;72;74
220;8.8.1996;32;5;6;8;14;15;19;20;22;29;31;32;39;42;45;47;53;61;64;71;75
221;9.8.1996;32;1;4;5;13;30;31;32;34;40;45;47;54;56;60;62;64;66;71;75;76
222;10.8.1996;32;4;9;12;15;17;18;20;25;29;30;32;33;35;40;45;50;51;54;61;71
223;12.8.1996;32;2;4;12;17;23;35;38;40;46;47;56;58;59;60;61;62;64;65;76;80
224;13.8.1996;32;3;5;6;10;26;27;28;30;33;40;44;45;50;60;62;65;71;78;79;80
225;14.8.1996;33;3;4;6;9;17;20;22;23;35;36;43;44;49;50;56;68;73;77;78;80
226;15.8.1996;33;3;7;10;11;12;16;17;18;20;23;24;34;47;50;54;58;63;65;78;80
227;16.8.1996;33;1;5;6;13;14;18;20;38;40;47;49;50;53;59;60;65;66;69;72;76
228;17.8.1996;33;1;3;5;6;9;26;28;36;39;47;48;51;54;56;58;59;64;65;69;73
229;19.8.1996;33;2;4;13;16;17;18;20;25;31;34;35;36;41;43;51;52;57;63;68;69
230;20.8.1996;33;1;2;8;9;10;17;21;23;25;27;35;36;40;41;44;46;55;58;60;75
231;21.8.1996;34;5;8;11;12;19;21;23;25;36;38;40;41;44;46;50;54;55;63;71;75
232;22.8.1996;34;1;2;7;12;22;31;35;37;41;46;48;52;54;58;59;66;73;74;78;79
233;23.8.1996;34;12;13;17;18;23;28;34;35;38;45;47;48;50;52;54;62;64;69;74;77
234;24.8.1996;34;1;4;12;15;18;19;23;30;37;53;54;58;64;66;68;72;75;77;79;80
235;26.8.1996;34;1;4;6;8;9;15;26;28;30;41;42;44;55;62;63;65;71;74;75;80
236;27.8.1996;34;4;9;14;15;19;20;26;29;30;36;40;46;48;52;57;61;63;66;75;78
237;28.8.1996;35;5;9;14;26;29;33;34;36;43;47;48;51;59;64;65;66;68;71;75;76
238;30.8.1996;35;9;10;14;21;25;26;35;42;43;44;51;53;54;57;58;61;66;72;78;80
239;31.8.1996;35;4;6;17;19;27;38;40;44;48;53;56;57;60;61;70;71;73;76;78;80
240;2.9.1996;35;9;13;16;20;21;27;30;31;34;39;48;53;54;63;64;66;68;74;78;80
241;3.9.1996;35;3;4;8;16;27;30;36;39;41;43;46;51;56;57;58;59;66;67;71;80
242;4.9.1996;35;4;7;14;19;22;27;30;34;35;42;45;47;55;57;60;61;62;67;68;74
243;5.9.1996;36;3;5;14;16;24;25;31;34;39;40;43;44;45;53;54;55;57;61;77;79
244;6.9.1996;36;4;5;7;9;18;24;27;38;41;47;52;54;57;59;60;63;66;70;75;77
245;7.9.1996;36;1;4;14;17;25;33;36;37;38;41;44;45;49;52;56;60;64;66;75;78
246;9.9.1996;36;4;6;11;16;19;29;34;38;39;44;47;53;57;59;61;62;70;71;72;80
247;10.9.1996;36;3;8;10;19;20;21;22;25;31;35;37;45;50;51;54;59;60;65;72;73
248;11.9.1996;36;8;10;12;15;19;20;23;26;31;33;42;48;49;51;60;65;66;68;76;79
249;12.9.1996;37;4;5;6;15;18;23;34;35;38;39;41;54;55;69;71;76;77;78;79;80
250;13.9.1996;37;1;2;4;13;17;18;19;24;29;30;42;45;46;50;56;60;62;64;69;72
251;14.9.1996;37;2;4;9;12;16;24;30;31;42;44;47;48;51;56;60;70;75;76;77;79
252;16.9.1996;37;1;3;4;5;13;14;15;19;20;21;24;27;29;32;51;56;65;68;70;80
253;17.9.1996;37;1;4;6;9;12;25;26;30;39;45;57;58;63;66;71;74;75;76;77;78
254;18.9.1996;37;1;6;10;12;15;22;32;33;36;37;42;45;49;54;55;63;68;71;75;80
255;19.9.1996;38;5;6;15;18;20;25;27;37;38;39;45;55;56;58;59;63;64;65;70;79
256;20.9.1996;38;3;6;7;9;11;14;21;24;29;35;40;45;46;56;57;61;67;69;73;80
257;21.9.1996;38;3;7;18;21;22;28;33;41;44;47;54;55;56;59;60;63;64;67;72;80
258;23.9.1996;38;4;7;9;10;15;23;25;27;32;36;37;44;51;54;57;60;61;71;72;78
259;24.9.1996;38;1;6;12;13;14;37;47;51;53;55;59;61;62;63;71;75;76;77;79;80
260;25.9.1996;38;3;6;13;16;20;23;27;30;31;36;48;57;60;61;62;63;70;72;75;79
261;26.9.1996;39;8;12;17;25;37;39;41;42;47;48;50;53;58;60;65;66;72;76;78;79
262;27.9.1996;39;3;6;7;10;12;13;14;16;17;18;20;34;36;37;43;49;52;61;65;68
263;28.9.1996;39;3;6;7;8;16;22;25;31;33;38;41;45;47;50;55;65;74;77;79;80
264;30.9.1996;39;2;4;6;15;17;19;27;29;48;49;50;51;54;55;56;61;67;70;76;80
265;1.10.1996;39;3;7;15;19;22;27;30;33;37;54;60;61;62;63;66;69;73;74;75;77
266;2.10.1996;39;7;10;11;16;18;24;30;32;33;35;38;39;41;52;56;66;68;70;71;73
267;3.10.1996;40;2;11;14;18;19;30;33;36;44;47;49;57;58;64;68;69;70;72;74;75
268;4.10.1996;40;3;7;13;14;23;29;30;34;38;50;56;57;58;59;66;69;70;72;76;80
269;5.10.1996;40;2;6;10;16;18;20;21;23;28;31;42;53;54;55;56;57;60;63;64;79
270;7.10.1996;40;4;6;10;12;13;16;19;21;25;29;30;39;45;47;49;57;58;59;66;78
271;8.10.1996;40;3;5;6;15;16;18;19;20;30;36;44;50;51;54;59;60;61;63;77;80
272;9.10.1996;40;5;7;16;18;21;28;29;33;37;39;41;44;53;60;62;66;70;73;75;76
273;10.10.1996;41;8;9;12;16;19;20;26;29;34;35;36;37;44;47;50;52;56;61;63;68
274;11.10.1996;41;1;9;11;12;18;24;25;26;32;34;39;53;54;55;57;64;67;71;72;73
275;12.10.1996;41;1;2;12;17;23;24;25;32;35;36;38;41;47;51;52;53;54;57;76;80
276;14.10.1996;41;2;5;14;15;19;34;36;37;38;45;49;50;51;58;62;63;64;70;73;74
277;15.10.1996;41;2;10;15;16;18;20;24;28;30;37;38;40;41;47;48;55;60;73;75;76
278;16.10.1996;41;1;2;14;16;21;24;25;26;30;31;33;47;55;61;67;69;70;74;77;79
279;17.10.1996;42;1;5;12;14;17;18;20;39;41;49;50;54;55;58;59;60;69;75;76;78
280;18.10.1996;42;7;9;12;15;18;27;36;37;41;52;53;57;62;63;70;71;74;76;78;79
281;19.10.1996;42;4;14;16;17;24;28;33;36;43;44;45;52;62;63;64;69;72;74;76;80
282;21.10.1996;42;3;4;9;10;13;20;21;22;30;31;35;39;46;51;53;54;68;72;73;77
283;22.10.1996;42;2;4;7;22;26;34;35;36;42;43;49;52;57;59;66;69;74;76;78;80
284;23.10.1996;42;10;19;21;28;29;34;36;38;41;42;45;49;53;56;65;66;67;72;73;77
285;24.10.1996;43;3;10;15;17;35;36;37;40;48;51;54;56;60;62;65;66;70;71;73;78
286;25.10.1996;43;6;7;8;11;12;15;24;33;34;37;40;43;45;53;61;67;69;75;76;80
287;26.10.1996;43;3;4;7;23;29;32;35;38;40;41;52;57;59;61;65;66;67;75;79;80
288;28.10.1996;43;4;9;16;18;22;27;29;33;34;39;42;45;46;47;61;62;65;73;74;80
289;29.10.1996;43;6;10;13;15;18;23;31;36;41;44;45;48;52;54;58;61;65;66;72;74
290;30.10.1996;43;1;4;6;7;9;11;13;31;35;38;41;43;48;58;62;63;65;68;69;79
291;31.10.1996;44;6;14;16;21;22;24;25;32;34;39;47;49;51;61;62;64;66;68;75;78
292;1.11.1996;44;13;15;17;18;24;25;29;30;32;37;42;48;52;53;57;63;66;74;78;80
293;2.11.1996;44;2;4;6;21;26;27;30;32;33;38;47;49;66;67;68;72;73;76;78;80
294;4.11.1996;44;7;8;13;18;20;23;32;40;44;46;49;55;63;67;68;69;72;73;74;80
295;5.11.1996;44;1;2;5;8;9;12;13;15;26;29;37;46;51;53;54;55;60;64;66;79
296;6.11.1996;44;7;10;11;13;14;17;21;29;45;46;48;50;53;56;64;65;71;72;78;80
297;7.11.1996;45;6;9;11;17;23;37;39;43;46;48;52;54;57;59;64;65;76;77;78;79
298;8.11.1996;45;2;3;5;10;12;13;17;18;22;24;27;28;33;38;41;48;49;58;61;70
299;9.11.1996;45;21;23;25;31;32;34;37;38;47;48;57;58;65;67;71;73;74;75;76;80
300;11.11.1996;45;8;23;32;35;39;40;43;44;47;50;52;55;56;62;65;66;71;75;76;79
301;12.11.1996;45;1;17;18;21;24;28;29;30;32;39;42;45;51;57;58;61;64;65;70;73
302;13.11.1996;45;4;8;13;16;18;28;32;35;37;41;49;52;58;59;63;66;69;73;74;77
303;14.11.1996;46;6;10;12;20;24;25;34;37;39;40;43;45;46;54;57;59;66;68;72;76
304;15.11.1996;46;2;7;11;13;18;23;25;27;29;35;40;59;66;67;70;71;73;76;77;79
305;16.11.1996;46;8;10;13;17;19;20;22;25;26;30;33;36;41;47;49;51;60;69;70;72
306;18.11.1996;46;9;10;12;19;24;36;42;47;48;49;53;57;58;59;60;63;67;72;76;80
307;19.11.1996;46;6;9;14;17;30;31;39;40;42;43;47;49;53;55;62;64;67;68;71;72
308;20.11.1996;46;1;2;4;10;13;16;18;20;23;29;31;33;49;54;57;58;61;62;63;70
309;21.11.1996;47;1;7;9;10;14;15;16;21;25;36;38;41;43;46;58;68;72;76;77;79
310;22.11.1996;47;3;4;9;11;12;19;24;29;33;42;43;47;48;49;51;53;55;62;72;77
311;23.11.1996;47;2;3;6;7;9;13;15;17;22;30;31;32;51;54;57;62;67;72;75;77
312;25.11.1996;47;1;3;4;9;10;14;19;32;34;45;47;50;56;58;61;68;69;74;77;79
313;26.11.1996;47;1;17;19;24;25;26;33;38;39;42;43;45;46;51;52;64;67;71;77;78
314;27.11.1996;47;1;8;11;22;23;30;34;38;39;40;42;43;48;50;53;56;58;69;71;78
315;28.11.1996;48;1;2;10;11;17;25;30;33;36;43;44;47;49;58;60;69;74;76;78;79
316;29.11.1996;48;4;10;11;14;16;18;21;23;34;35;40;42;51;55;61;66;69;70;74;80
317;30.11.1996;48;2;4;6;12;21;25;32;41;43;45;56;62;64;67;70;72;74;75;76;80
318;2.12.1996;48;9;10;12;15;24;40;42;45;50;56;58;59;64;67;69;72;74;76;77;80
319;3.12.1996;48;1;2;12;19;22;23;24;28;33;34;47;53;58;61;63;69;71;74;79;80
320;4.12.1996;48;8;13;15;17;21;22;23;24;27;31;33;36;38;56;58;68;69;75;79;80
321;5.12.1996;49;5;11;17;19;21;25;27;28;33;39;40;41;46;52;56;67;73;74;78;79
322;6.12.1996;49;6;7;9;10;18;24;26;32;33;36;40;47;55;57;59;60;61;68;74;77
323;7.12.1996;49;2;4;8;21;25;30;31;32;37;40;52;55;56;62;64;66;67;77;78;80
324;9.12.1996;49;4;7;9;10;17;18;19;21;24;36;37;39;43;46;57;60;68;72;74;78
325;10.12.1996;49;3;8;9;15;25;27;30;31;33;35;39;41;44;47;50;53;66;70;71;75
326;11.12.1996;49;3;12;13;14;17;22;25;26;27;36;39;41;54;56;62;67;68;69;72;73
327;12.12.1996;50;2;3;7;9;12;14;16;19;33;34;41;44;51;52;57;58;59;65;67;68
328;13.12.1996;50;2;3;7;10;14;21;24;26;31;32;34;43;44;45;46;54;56;58;70;72
329;14.12.1996;50;1;3;4;15;16;17;18;20;28;32;38;39;41;43;52;56;62;64;77;80
330;16.12.1996;50;5;6;7;8;9;10;11;12;13;18;20;24;34;40;45;54;57;60;61;75
331;17.12.1996;50;1;2;6;21;24;25;32;39;40;44;53;57;58;63;64;65;68;75;78;79
332;18.12.1996;50;2;8;13;19;21;24;25;26;28;30;34;37;42;43;47;48;49;55;59;68
333;19.12.1996;51;3;5;6;11;13;14;19;21;23;38;45;46;56;66;73;74;75;78;79;80
334;20.12.1996;51;2;4;5;7;11;15;25;35;48;51;56;59;61;63;66;67;70;72;74;76
335;21.12.1996;51;1;2;11;13;14;17;18;23;24;32;33;41;52;53;61;67;68;70;77;80
336;23.12.1996;51;5;7;8;9;13;15;20;24;27;31;40;43;44;46;47;49;50;58;59;72
337;26.12.1996;51;2;3;5;9;10;13;31;34;35;44;45;52;57;58;60;62;69;70;72;77
338;27.12.1996;51;1;2;4;6;9;13;19;22;32;35;48;49;50;52;55;60;69;72;74;79
339;28.12.1996;51;1;4;9;10;13;18;19;20;33;39;44;47;56;63;64;68;71;73;78;80
340;30.12.1996;1;1;5;7;11;15;16;19;21;27;28;35;41;46;48;50;53;57;63;72;77
341;31.12.1996;1;9;11;12;14;16;22;23;30;40;41;43;47;54;56;64;67;72;74;78;79
342;2.1.1997;1;11;12;20;22;24;25;28;40;41;43;45;46;49;58;59;64;70;72;75;77
343;3.1.1997;1;1;9;17;20;27;28;30;35;41;43;44;46;52;61;64;66;72;74;75;79
344;4.1.1997;1;2;11;17;19;21;31;33;35;41;50;51;54;56;61;64;65;66;72;73;74
345;6.1.1997;2;7;9;11;13;17;18;21;28;29;37;46;47;51;59;67;68;70;71;77;78
346;7.1.1997;2;3;5;7;8;10;14;24;40;43;46;55;56;58;59;61;67;68;71;75;79
347;8.1.1997;2;2;5;6;7;13;19;27;28;30;31;32;35;41;46;47;54;57;67;73;77
348;9.1.1997;2;3;12;13;20;26;27;32;35;37;38;44;51;54;62;66;68;76;78;79;80
349;10.1.1997;2;1;7;9;10;18;21;22;40;42;43;48;49;50;52;54;60;62;75;77;80
350;11.1.1997;2;6;9;13;18;20;22;23;24;30;31;32;33;35;47;48;50;70;75;77;78
351;13.1.1997;3;4;10;16;18;20;22;27;35;36;39;44;47;49;50;54;57;63;69;70;79
352;14.1.1997;3;2;3;6;7;8;10;11;14;16;20;29;35;59;50;56;60;63;69;76;80
353;15.1.1997;3;2;5;6;10;13;16;17;22;32;38;39;40;41;43;44;46;47;49;63;65
354;16.1.1997;3;2;3;5;9;26;36;37;38;42;43;45;48;51;58;64;65;66;72;74;75
355;17.1.1997;3;6;8;11;17;20;22;26;30;31;43;47;48;49;50;55;60;63;68;78;80
356;18.1.1997;3;3;7;17;19;23;29;33;34;36;40;48;49;52;54;57;58;65;72;74;75
357;20.1.1997;4;8;13;15;17;18;20;26;27;29;43;51;54;57;59;60;62;63;67;68;76
358;21.1.1997;4;10;12;13;17;29;32;40;44;48;53;54;55;61;62;64;69;70;72;75;76
359;22.1.1997;4;7;12;23;27;32;33;36;42;48;53;59;62;68;69;70;72;76;77;78;79
360;23.1.1997;4;13;14;17;19;20;24;37;41;42;44;46;47;50;54;55;58;67;68;74;75
361;24.1.1997;4;3;14;16;20;23;24;25;30;31;32;34;35;39;40;43;48;52;68;70;79
362;25.1.1997;4;4;5;9;16;23;26;34;37;39;41;43;48;55;61;66;68;71;76;77;80
363;27.1.1997;5;8;15;18;21;23;25;27;31;36;38;41;44;47;53;57;60;67;69;70;79
364;28.1.1997;5;4;9;12;13;21;35;38;39;41;43;44;48;52;59;64;68;71;75;76;77
365;29.1.1997;5;10;12;16;19;26;30;32;33;36;41;44;50;51;52;54;58;62;64;69;74
366;30.1.1997;5;1;11;13;19;20;24;34;35;36;39;40;47;49;52;55;57;64;70;75;77
367;31.1.1997;5;1;2;3;7;9;10;15;25;33;36;39;50;60;62;65;73;77;78;79;80
368;1.2.1997;5;1;3;4;7;12;19;27;28;29;34;36;39;45;55;56;60;61;62;64;80
369;3.2.1997;6;2;4;8;15;16;21;31;32;34;35;36;47;49;51;54;57;63;71;74;80
370;4.2.1997;6;9;12;15;16;17;21;27;28;30;35;42;48;49;55;59;66;68;72;74;78
371;5.2.1997;6;3;8;10;17;25;26;28;30;31;33;35;50;55;59;61;66;67;72;77;80
372;6.2.1997;6;1;11;14;18;23;25;29;30;33;35;37;41;45;50;57;66;67;68;77;79
373;7.2.1997;6;2;7;10;11;13;14;17;18;23;26;34;46;47;48;49;59;62;65;72;76
374;8.2.1997;6;2;4;8;12;13;19;23;27;30;35;40;47;48;54;65;66;68;71;77;80
375;10.2.1997;7;2;7;8;10;13;14;17;19;36;39;44;49;57;61;67;70;72;76;77;78
376;11.2.1997;7;5;11;17;18;19;21;24;25;27;32;38;41;46;47;53;60;61;67;69;75
377;12.2.1997;7;2;8;17;25;28;30;32;36;37;40;42;43;44;54;55;60;62;71;75;80
378;13.2.1997;7;11;13;17;23;29;30;33;37;39;41;45;46;49;52;55;60;61;70;73;77
379;14.2.1997;7;9;10;18;22;29;31;33;34;40;41;42;43;44;46;51;55;65;75;79;80
380;15.2.1997;7;2;22;23;25;29;30;31;32;35;36;43;44;54;56;58;66;72;75;76;79
381;17.2.1997;8;6;14;15;17;18;25;27;31;32;38;41;54;56;58;60;63;65;66;70;79
382;18.2.1997;8;3;10;12;14;20;22;42;47;49;53;54;55;56;58;59;61;66;67;72;79
383;19.2.1997;8;5;12;19;21;22;24;25;31;34;40;42;45;51;52;54;56;64;70;73;75
384;20.2.1997;8;1;2;4;5;10;16;24;26;29;30;33;35;42;46;48;63;66;70;71;72
385;21.2.1997;8;7;9;10;11;14;16;23;28;30;34;38;45;49;55;56;62;64;65;75;77
386;22.2.1997;8;6;12;17;19;24;28;30;31;33;34;39;43;47;54;56;60;61;67;71;77
387;24.2.1997;9;1;6;17;21;24;25;26;28;33;40;45;50;52;55;56;57;64;66;76;80
388;25.2.1997;9;3;9;11;14;16;22;23;25;32;35;40;41;42;43;45;60;70;73;74;76
389;26.2.1997;9;3;11;20;21;25;26;27;35;38;39;41;43;45;47;48;51;55;61;73;76
390;27.2.1997;9;5;8;9;11;12;18;26;28;32;34;35;37;44;47;49;50;51;54;71;73
391;28.2.1997;9;4;7;14;21;26;35;38;40;44;48;51;55;57;60;61;62;63;70;76;80
392;1.3.1997;9;1;4;6;8;11;13;15;19;20;25;27;30;31;32;44;46;56;58;59;77
393;3.3.1997;10;1;2;3;9;17;20;28;37;45;48;49;53;59;61;67;68;70;71;76;78
394;4.3.1997;10;1;5;6;10;14;20;23;25;28;34;46;48;50;51;55;59;67;74;78;80
395;5.3.1997;10;3;4;6;11;21;22;33;35;38;39;44;50;51;58;60;66;67;72;73;77
396;6.3.1997;10;1;2;4;6;15;16;18;23;28;34;35;44;45;48;49;50;66;68;74;76
397;7.3.1997;10;2;3;6;10;12;18;25;26;30;31;33;36;45;46;47;50;52;67;70;78
398;8.3.1997;10;5;9;10;11;21;34;35;37;43;46;47;48;55;56;57;58;71;73;76;77
399;10.3.1997;11;1;2;4;11;23;26;27;33;34;43;44;45;52;55;60;62;65;71;72;75
400;11.3.1997;11;1;3;5;9;15;18;30;37;38;42;51;58;59;68;69;70;72;74;77;78
401;12.3.1997;11;12;22;23;29;31;32;34;36;37;39;42;47;51;52;55;67;69;70;73;80
402;13.3.1997;11;3;12;16;17;25;29;35;39;42;48;49;50;52;56;57;65;67;72;74;77
403;14.3.1997;11;6;7;11;12;21;24;25;27;35;38;39;48;53;57;59;60;64;69;71;79
404;15.3.1997;11;1;4;6;8;13;18;19;20;21;23;24;34;35;45;47;50;55;60;63;78
405;17.3.1997;12;2;5;11;14;15;17;18;25;26;30;31;32;39;49;57;59;61;62;73;76
406;18.3.1997;12;9;10;11;12;16;22;24;26;33;37;40;42;51;64;65;66;69;71;72;79
407;19.3.1997;12;2;3;16;17;19;24;25;27;42;44;48;49;50;56;57;58;72;73;74;76
408;20.3.1997;12;5;6;7;9;15;19;23;32;33;39;43;49;51;54;55;59;66;67;73;75
409;21.3.1997;12;2;8;16;32;33;37;42;46;49;50;55;61;63;64;66;69;70;71;72;76
410;22.3.1997;12;2;10;14;18;24;25;26;27;30;33;35;42;45;46;51;53;56;60;70;78
411;24.3.1997;13;7;15;16;17;18;19;20;28;37;41;42;45;46;49;51;53;57;72;75;76
412;25.3.1997;13;2;8;9;14;15;16;23;26;27;39;46;47;49;53;57;58;60;67;77;78
413;26.3.1997;13;3;4;7;15;21;24;29;30;38;46;47;48;50;56;59;60;65;69;72;74
414;27.3.1997;13;1;2;3;5;6;15;30;33;34;36;41;44;45;46;55;56;62;63;65;67
415;29.3.1997;13;2;7;8;9;13;17;21;22;26;27;30;31;33;34;35;36;47;62;63;73
416;31.3.1997;13;3;4;12;16;20;22;26;27;31;37;39;41;43;49;57;64;68;72;74;79
417;1.4.1997;14;5;10;13;16;17;18;28;33;38;50;51;53;54;55;64;65;71;73;74;79
418;2.4.1997;14;8;14;18;19;22;27;28;34;39;40;45;48;49;51;60;61;63;75;78;80
419;3.4.1997;14;12;14;18;23;27;28;33;38;44;47;49;52;57;58;63;69;70;71;74;79
420;4.4.1997;14;3;7;9;12;14;16;21;28;32;44;50;56;62;63;67;68;69;73;74;76
421;5.4.1997;14;6;12;20;24;27;28;30;31;32;33;34;55;58;60;62;63;72;73;77;78
422;7.4.1997;14;4;6;8;9;18;19;20;27;37;52;53;56;57;60;61;62;63;68;73;77
423;8.4.1997;15;1;2;7;10;12;27;28;36;37;39;44;49;50;52;62;65;67;72;75;78
424;9.4.1997;15;3;5;9;16;28;29;30;31;40;43;45;51;58;65;66;68;69;77;79;80
425;10.4.1997;15;4;13;14;16;19;23;24;26;32;33;34;43;47;50;52;64;67;77;79;80
426;11.4.1997;15;5;8;14;17;19;20;21;22;32;36;38;42;49;50;51;62;63;66;70;78
427;12.4.1997;15;2;4;8;15;21;23;29;35;42;45;48;49;50;51;54;58;62;70;74;79
428;14.4.1997;16;2;4;5;10;18;32;34;35;36;39;56;58;60;63;64;65;69;70;72;74
429;15.4.1997;16;1;5;6;8;11;15;16;18;22;25;27;30;34;36;38;46;55;58;60;75
430;16.4.1997;16;4;5;14;18;25;28;30;38;43;52;56;58;59;67;72;73;74;77;78;80
431;17.4.1997;16;6;9;14;16;20;23;24;30;34;35;47;51;53;54;59;63;67;69;73;74
432;18.4.1997;16;9;11;15;18;22;27;30;34;35;40;41;43;52;55;63;67;72;75;76;80
433;19.4.1997;16;9;13;16;18;19;20;24;28;29;32;33;42;48;55;58;66;71;72;77;78
434;21.4.1997;17;13;16;20;21;22;25;26;27;30;33;34;38;42;55;59;60;61;66;76;79
435;22.4.1997;17;1;4;6;8;14;16;17;18;21;28;31;33;37;39;46;51;52;61;73;75
436;23.4.1997;17;1;3;13;16;21;30;33;35;36;37;45;46;47;48;52;55;58;70;71;76
437;24.4.1997;17;2;4;5;12;16;19;27;33;35;36;37;41;49;54;59;66;72;75;76;78
438;25.4.1997;17;5;9;12;13;18;20;25;30;32;41;43;46;47;51;55;64;68;69;75;78
439;26.4.1997;17;5;8;14;15;19;24;28;34;36;40;45;53;57;58;59;62;64;66;67;69
440;28.4.1997;18;3;9;10;11;18;19;20;34;37;39;56;57;58;63;65;67;68;73;74;78
441;29.4.1997;18;4;5;8;9;13;17;21;22;24;29;32;48;50;52;57;58;71;74;76;80
442;30.4.1997;18;3;6;8;13;14;20;22;27;29;32;37;42;44;47;48;50;58;73;76;79
443;1.5.1997;18;1;8;10;12;13;15;19;23;25;30;36;41;47;50;58;62;63;72;77;79
444;2.5.1997;18;9;10;16;18;21;23;27;30;31;32;37;39;41;43;45;53;59;63;66;74
445;3.5.1997;18;1;4;5;9;11;14;28;30;38;41;45;46;55;58;62;68;72;74;75;76
446;5.5.1997;19;4;8;11;22;24;26;30;32;38;40;42;44;46;47;59;63;65;72;79;80
447;6.5.1997;19;4;6;8;14;16;17;18;31;36;37;38;39;48;52;55;58;60;65;66;71
448;7.5.1997;19;1;2;3;6;16;23;25;27;30;31;35;37;45;46;53;54;56;65;75;78
449;8.5.1997;19;11;12;14;16;18;31;34;37;39;41;43;44;46;47;52;53;58;61;69;70
450;9.5.1997;19;3;8;9;17;20;22;26;27;30;32;35;40;42;49;55;57;59;60;74;75
451;10.5.1997;19;4;9;14;15;18;21;24;25;30;33;38;43;44;47;50;54;58;68;72;80
452;12.5.1997;20;5;7;8;12;17;19;25;26;44;45;50;55;57;62;64;65;68;74;78;80
453;13.5.1997;20;1;9;13;18;19;20;23;25;32;41;43;48;55;59;62;69;71;73;75;79
454;14.5.1997;20;2;3;13;15;19;20;21;29;31;43;54;56;59;62;65;71;72;73;75;76
455;15.5.1997;20;10;12;22;26;28;30;33;36;40;47;48;53;54;57;60;62;64;77;78;79
456;16.5.1997;20;2;3;4;11;19;23;25;29;32;37;40;44;47;54;55;61;64;65;66;68
457;17.5.1997;20;2;9;21;25;29;32;35;43;46;49;51;54;60;69;71;72;73;74;77;80
458;19.5.1997;21;6;8;12;13;23;25;26;28;29;32;38;42;45;53;55;57;69;72;73;80
459;20.5.1997;21;6;10;15;16;18;20;23;24;25;46;50;55;57;60;61;65;70;72;73;76
460;21.5.1997;21;6;12;15;16;20;21;25;27;30;41;45;47;48;49;53;63;66;69;73;78
461;22.5.1997;21;3;5;18;20;21;22;23;24;35;36;37;41;46;50;66;71;74;76;77;78
462;23.5.1997;21;1;2;9;10;17;24;26;27;28;32;34;39;40;41;46;48;53;58;73;75
463;24.5.1997;21;10;13;14;15;16;18;22;23;27;32;33;41;44;46;52;55;60;70;72;73
464;26.5.1997;22;8;9;12;15;18;32;34;35;41;42;45;48;52;60;61;66;67;77;78;79
465;27.5.1997;22;2;3;4;7;11;13;19;20;29;31;32;39;48;50;53;54;60;65;67;75
466;28.5.1997;22;4;6;7;10;12;14;22;25;34;42;46;50;51;59;60;61;64;66;74;80
467;29.5.1997;22;7;8;9;16;18;20;24;25;29;31;37;38;53;59;60;63;66;67;73;77
468;30.5.1997;22;1;5;7;8;17;19;20;21;22;35;37;39;43;44;48;57;65;68;69;71
469;31.5.1997;22;3;8;10;20;21;25;27;29;31;37;41;44;47;56;57;64;65;69;74;79
470;2.6.1997;23;1;3;8;24;26;27;32;33;35;42;43;51;52;55;62;63;66;72;73;79
471;3.6.1997;23;1;3;4;6;9;12;13;15;27;28;30;31;40;41;44;46;47;51;52;58
472;4.6.1997;23;4;6;10;12;20;33;36;39;43;47;54;55;56;59;62;63;64;70;72;79
473;5.6.1997;23;1;2;4;7;13;20;32;36;41;46;48;53;56;57;58;59;63;69;76;78
474;6.6.1997;23;2;4;11;12;13;25;30;43;44;45;51;52;54;56;60;62;70;73;75;78
475;7.6.1997;23;1;10;15;19;26;28;29;34;40;41;42;44;47;51;60;63;64;65;69;76
476;9.6.1997;24;1;8;10;15;16;19;31;32;33;42;49;50;53;58;59;64;67;68;72;77
477;10.6.1997;24;1;3;5;7;16;23;26;29;33;34;38;39;50;55;62;68;73;74;78;79
478;11.6.1997;24;2;6;8;11;18;20;23;24;25;34;37;38;44;46;52;57;67;69;71;73
479;12.6.1997;24;2;10;11;13;17;20;29;30;32;35;39;41;45;48;51;59;61;68;74;76
480;13.6.1997;24;1;5;13;14;29;34;35;37;39;41;43;44;47;53;55;59;72;75;79;80
481;14.6.1997;24;2;3;7;9;15;16;32;35;37;40;41;45;47;48;53;59;65;67;72;76
482;16.6.1997;25;3;5;7;15;17;21;25;27;30;34;37;40;47;48;58;60;61;62;70;79
483;17.6.1997;25;1;2;9;13;16;20;21;22;24;25;33;35;50;59;62;64;67;75;76;79
484;18.6.1997;25;2;4;11;16;23;24;28;40;43;47;55;56;64;67;69;70;71;75;76;79
485;19.6.1997;25;1;3;19;22;25;26;29;30;31;38;45;52;53;59;62;65;67;71;73;77
486;20.6.1997;25;1;7;8;10;12;19;21;23;29;31;37;39;40;42;46;51;64;68;70;74
487;21.6.1997;25;11;15;18;21;22;29;30;34;39;41;42;45;49;50;52;53;54;56;66;72
488;23.6.1997;26;9;11;13;14;20;22;28;29;33;39;45;47;54;55;56;57;58;64;68;78
489;24.6.1997;26;4;5;6;9;11;12;16;20;26;28;41;47;48;52;55;59;60;71;74;79
490;25.6.1997;26;21;23;26;30;33;34;41;42;43;44;46;49;51;54;55;56;62;64;68;78
491;26.6.1997;26;2;12;15;17;19;24;28;35;38;46;48;49;50;53;54;59;65;67;69;71
492;27.6.1997;26;2;9;11;16;21;22;26;34;35;37;44;46;52;54;68;70;74;76;78;79
493;28.6.1997;26;6;10;11;13;17;19;27;34;35;36;39;40;46;47;51;69;71;73;79;80
494;30.6.1997;27;5;7;9;17;23;24;25;28;31;34;35;36;41;53;61;62;65;66;70;77
495;1.7.1997;27;5;6;7;8;13;17;18;19;20;24;34;36;45;48;54;56;62;70;73;80
496;2.7.1997;27;2;7;8;10;14;18;19;20;35;48;52;61;65;66;67;68;71;76;79;80
497;3.7.1997;27;7;8;12;18;26;27;31;35;40;42;43;45;50;54;58;68;71;72;75;79
498;4.7.1997;27;1;4;6;11;13;16;21;24;26;37;40;46;50;54;56;57;59;60;65;68
499;5.7.1997;27;1;2;9;14;22;26;31;33;37;41;42;43;56;57;64;68;77;78;79;80
500;7.7.1997;28;10;15;18;23;26;27;30;32;37;43;46;47;50;53;62;63;68;69;73;78
501;8.7.1997;28;4;5;6;8;9;14;19;20;21;23;31;32;33;39;44;46;51;60;62;63
502;9.7.1997;28;1;3;15;21;22;30;31;40;44;48;51;53;55;60;61;68;71;72;74;78
503;10.7.1997;28;8;9;21;25;26;27;28;31;32;39;40;44;45;48;50;53;63;66;67;78
504;11.7.1997;28;11;14;15;18;22;23;24;30;33;37;38;39;41;49;52;59;69;71;73;76
505;12.7.1997;28;1;4;9;11;18;22;23;24;39;44;49;50;55;62;70;73;74;75;77;79
506;14.7.1997;29;2;8;9;15;17;18;21;27;33;43;47;57;58;61;66;68;72;73;77;79
507;15.7.1997;29;3;7;15;16;17;20;28;33;34;37;38;41;42;44;49;51;54;71;77;78
508;16.7.1997;29;5;9;13;14;23;27;35;46;50;53;56;57;59;60;67;69;71;72;77;80
509;17.7.1997;29;7;12;16;19;22;24;31;39;41;44;46;47;52;53;56;57;73;75;78;79
510;18.7.1997;29;2;12;17;21;22;24;29;33;34;38;41;43;48;51;52;53;60;68;72;75
511;19.7.1997;29;4;9;11;17;18;20;27;31;33;36;45;46;49;53;56;60;72;74;77;79
512;21.7.1997;30;5;7;8;12;13;14;24;30;32;38;47;49;50;53;55;56;60;63;74;77
513;22.7.1997;30;2;14;21;24;26;31;32;38;42;49;52;53;55;56;59;60;61;63;65;66
514;23.7.1997;30;3;4;5;6;11;16;22;28;30;31;38;39;42;43;52;57;60;66;71;74
515;24.7.1997;30;3;6;8;13;15;17;18;28;30;34;36;37;45;50;58;61;66;71;72;76
516;25.7.1997;30;6;9;21;23;30;31;32;39;41;45;48;49;50;56;57;58;62;65;66;69
517;26.7.1997;30;3;15;19;20;21;35;39;41;42;46;54;58;60;61;72;73;77;78;79;80
518;28.7.1997;31;5;8;10;11;13;17;22;25;26;28;31;36;42;53;54;56;69;74;75;77
519;29.7.1997;31;4;12;13;20;26;27;33;35;40;42;48;57;58;61;62;66;67;70;71;79
520;30.7.1997;31;10;12;16;18;32;34;38;45;47;50;53;57;60;62;64;67;69;72;75;78
521;31.7.1997;31;2;3;5;11;13;16;17;24;29;35;39;50;52;55;58;61;62;70;71;73
522;1.8.1997;31;4;5;10;16;19;26;28;30;37;43;44;49;50;52;61;64;67;68;69;77
523;2.8.1997;31;9;12;14;15;19;26;27;33;35;40;41;42;44;46;48;52;54;55;56;69
524;4.8.1997;32;4;6;16;22;24;25;30;35;42;44;47;49;54;58;65;71;72;73;74;76
525;5.8.1997;32;10;12;19;20;37;39;42;45;46;49;52;55;56;60;64;65;72;73;78;79
526;6.8.1997;32;5;13;19;21;23;32;34;37;41;49;52;56;66;68;71;72;73;75;76;80
527;7.8.1997;32;7;8;11;13;26;29;31;35;36;43;47;53;57;59;65;69;71;73;74;78
528;8.8.1997;32;2;5;6;7;8;13;21;30;52;59;60;61;64;66;71;72;73;75;79;80
529;9.8.1997;32;6;14;17;18;19;20;21;22;23;27;31;37;39;40;45;58;59;67;72;79
530;11.8.1997;33;3;8;10;18;20;21;22;25;28;29;31;33;37;40;44;45;51;53;61;70
531;12.8.1997;33;15;30;33;36;39;40;43;47;48;51;54;59;62;68;69;70;74;75;77;78
532;13.8.1997;33;1;3;7;8;10;11;17;25;28;35;40;43;44;50;54;59;62;67;72;76
533;14.8.1997;33;4;18;19;20;22;24;28;31;33;35;38;41;45;50;62;63;64;65;66;73
534;15.8.1997;33;4;13;14;20;26;28;33;35;39;46;49;50;56;59;62;68;69;72;78;80
535;16.8.1997;33;6;9;10;20;22;23;29;30;32;33;34;35;46;47;56;63;64;66;76;78
536;18.8.1997;34;1;5;8;9;26;28;29;30;32;35;38;41;54;56;59;60;63;69;74;80
537;19.8.1997;34;6;8;12;13;14;25;28;30;31;32;38;40;41;50;51;54;55;56;64;66
538;20.8.1997;34;1;2;8;9;17;18;20;21;39;43;46;47;49;50;53;56;57;60;61;73
539;21.8.1997;34;4;9;12;17;24;25;26;32;34;36;45;46;47;50;52;57;65;68;73;78
540;22.8.1997;34;4;5;15;16;19;25;30;31;33;35;38;44;54;56;58;60;67;68;69;73
541;23.8.1997;34;7;8;11;15;19;22;24;33;42;45;47;55;61;62;63;64;65;68;71;75
542;25.8.1997;35;6;8;9;15;23;26;29;31;36;41;43;44;45;60;61;63;64;74;79;80
543;26.8.1997;35;1;7;10;11;14;18;20;21;32;36;37;38;42;47;48;57;61;74;75;76
544;27.8.1997;35;5;11;15;26;27;28;36;41;42;47;52;57;59;61;67;68;71;72;75;78
545;28.8.1997;35;1;2;7;10;16;23;27;28;32;34;38;49;50;60;62;71;73;76;77;78
546;29.8.1997;35;10;15;18;20;23;25;29;36;37;42;43;44;51;58;60;67;69;72;73;77
547;30.8.1997;35;7;9;13;16;19;21;23;25;26;27;32;33;41;48;50;56;61;73;75;79
548;1.9.1997;36;1;7;8;11;23;26;27;30;31;33;35;41;46;50;61;64;66;69;74;77
549;2.9.1997;36;1;2;4;9;15;21;23;26;27;33;39;40;42;45;48;51;63;74;79;80
550;3.9.1997;36;2;12;15;22;24;33;36;38;42;49;50;53;55;57;63;65;67;76;78;80
551;4.9.1997;36;1;15;24;29;31;34;35;38;46;47;50;53;57;60;61;63;66;68;70;75
552;5.9.1997;36;4;8;14;15;17;19;25;26;27;32;36;42;50;54;58;60;67;73;77;80
553;6.9.1997;36;10;15;24;29;31;32;36;39;48;50;54;55;56;59;60;63;69;70;72;74
554;8.9.1997;37;6;8;10;18;19;21;22;26;27;34;35;39;40;59;64;65;69;72;76;80
555;9.9.1997;37;1;4;9;13;21;23;24;25;31;32;34;35;40;43;48;52;54;67;73;78
556;10.9.1997;37;3;7;10;16;29;32;34;45;49;50;51;52;54;55;56;59;63;66;77;80
557;11.9.1997;37;2;9;10;11;12;13;14;18;23;30;36;37;42;43;46;47;48;63;65;75
558;12.9.1997;37;1;4;7;20;21;30;33;35;37;40;49;52;57;58;62;66;70;71;74;77
559;13.9.1997;37;5;7;8;9;27;32;34;37;39;40;43;53;54;55;57;58;64;66;74;80
560;15.9.1997;38;2;3;10;11;13;16;20;23;31;32;34;38;46;47;55;65;70;72;73;80
561;16.9.1997;38;2;10;13;17;21;22;24;25;27;31;32;33;39;43;44;57;58;59;65;71
562;17.9.1997;38;2;7;10;19;20;21;32;36;40;42;43;44;46;48;53;54;57;59;74;80
563;18.9.1997;38;1;2;5;14;15;27;32;34;35;39;46;47;48;52;54;60;69;73;77;80
564;19.9.1997;38;7;10;11;13;15;19;22;32;33;34;40;41;42;53;65;66;70;74;76;79
565;20.9.1997;38;9;10;11;14;19;21;22;28;31;35;38;40;47;53;54;57;64;71;72;80
566;22.9.1997;39;1;4;5;7;10;20;24;32;33;42;49;50;54;61;62;64;66;70;75;76
567;23.9.1997;39;4;6;12;14;19;22;23;24;33;44;45;53;56;58;61;62;68;69;72;73
568;24.9.1997;39;1;7;9;11;13;14;15;17;22;27;34;35;42;51;52;59;61;70;75;79
569;25.9.1997;39;3;6;7;11;15;17;26;31;33;41;44;49;55;59;60;61;64;67;73;75
570;26.9.1997;39;1;2;5;21;22;25;26;32;35;48;52;56;57;59;64;66;68;69;70;75
571;27.9.1997;39;12;13;16;19;21;22;26;29;31;35;38;40;43;44;47;50;56;57;62;77
572;29.9.1997;40;2;5;7;8;13;17;22;23;27;30;34;37;40;48;49;51;52;61;72;79
573;30.9.1997;40;1;2;15;16;20;21;22;28;31;32;33;37;41;44;50;58;63;66;72;74
574;1.10.1997;40;1;5;10;13;15;19;23;25;28;30;45;46;47;50;54;55;63;65;71;72
575;2.10.1997;40;3;4;15;21;23;24;27;29;37;43;44;45;47;64;65;66;68;71;74;78
576;3.10.1997;40;5;11;12;13;18;19;20;22;27;28;29;31;32;34;35;41;47;54;55;72
577;4.10.1997;40;1;3;4;6;11;12;14;15;19;23;38;39;46;48;60;61;70;75;76;77
578;6.10.1997;41;1;2;10;12;13;18;26;27;29;37;42;47;51;57;63;67;68;71;77;79
579;7.10.1997;41;1;3;11;20;21;27;32;33;34;35;39;42;48;54;57;61;63;69;73;80
580;8.10.1997;41;4;8;10;16;20;23;24;25;28;32;35;47;49;54;58;59;62;71;77;79
581;9.10.1997;41;2;10;12;17;20;25;29;32;45;48;54;56;59;60;62;65;66;77;78;79
582;10.10.1997;41;1;8;12;16;18;22;24;26;27;29;38;44;45;47;50;57;58;59;61;74
583;11.10.1997;41;7;10;16;18;19;22;24;30;38;39;40;41;50;56;57;59;61;66;67;79
584;13.10.1997;42;2;9;10;14;16;18;21;25;31;33;35;38;42;44;46;50;53;71;72;74
585;14.10.1997;42;1;5;10;12;13;22;26;28;30;33;44;48;49;61;68;69;70;73;78;80
586;15.10.1997;42;2;7;9;12;16;26;29;36;38;41;42;46;57;58;61;62;63;67;71;72
587;16.10.1997;42;4;5;14;17;18;22;25;27;28;35;36;38;39;45;47;57;59;61;62;77
588;17.10.1997;42;8;10;11;14;15;19;25;46;47;52;54;55;60;62;63;65;67;68;73;77
589;18.10.1997;42;5;6;7;11;16;19;20;24;27;32;39;44;45;52;56;57;60;63;64;66
590;20.10.1997;43;3;7;10;11;12;13;28;30;31;43;44;46;47;50;52;54;55;60;65;70
591;21.10.1997;43;4;5;6;8;12;18;19;20;25;26;29;30;40;42;49;50;70;72;76;77
592;22.10.1997;43;2;3;4;7;15;16;23;38;39;40;42;50;53;54;55;57;60;76;77;78
593;23.10.1997;43;8;9;15;26;30;31;35;41;43;44;45;54;58;62;64;70;71;72;74;75
594;24.10.1997;43;5;11;12;15;17;25;26;27;32;33;35;49;56;62;67;70;75;76;78;80
595;25.10.1997;43;6;17;19;22;24;25;26;28;33;37;38;44;49;60;63;66;75;77;78;79
596;27.10.1997;44;8;13;15;19;21;26;27;28;30;37;38;43;44;46;47;48;54;55;60;76
597;28.10.1997;44;1;3;6;8;10;12;14;15;18;24;29;34;38;43;44;49;53;54;57;78
598;29.10.1997;44;11;12;13;17;20;21;24;33;42;44;46;48;53;59;62;67;70;72;76;80
599;30.10.1997;44;4;9;14;20;27;29;39;42;46;52;55;59;60;63;65;66;70;71;74;79
600;31.10.1997;44;11;17;19;22;25;31;42;44;47;48;49;52;56;59;64;74;75;77;78;80
601;1.11.1997;44;1;11;12;19;29;32;33;40;44;47;51;59;65;66;67;68;74;75;76;80
602;3.11.1997;45;3;8;9;12;14;20;21;24;26;28;32;39;45;48;51;55;57;69;72;77
603;4.11.1997;45;1;2;6;9;12;19;22;38;40;48;52;55;61;62;64;71;72;73;74;76
604;5.11.1997;45;4;6;9;10;16;27;28;32;37;38;44;47;49;53;59;64;66;69;75;77
605;6.11.1997;45;1;2;4;9;10;12;20;21;37;42;46;50;51;56;58;60;64;72;76;79
606;7.11.1997;45;4;11;12;20;22;23;31;36;52;56;60;61;63;64;69;70;71;72;76;79
607;8.11.1997;45;4;5;10;13;14;18;20;23;32;35;45;47;50;54;56;57;72;78;79;80
608;10.11.1997;46;24;28;30;36;37;41;42;46;54;59;60;62;66;67;68;72;73;74;77;80
609;11.11.1997;46;5;6;8;15;20;25;29;33;40;43;45;47;52;55;59;62;65;68;75;76
610;12.11.1997;46;11;13;18;19;23;24;26;29;34;36;46;48;53;58;61;63;67;72;74;78
611;13.11.1997;46;4;13;15;22;23;32;42;44;45;46;49;53;56;58;64;65;68;73;76;79
612;14.11.1997;46;2;8;20;22;25;27;28;29;32;33;34;39;42;44;51;57;58;62;72;80
613;15.11.1997;46;20;21;23;26;27;31;35;40;42;45;48;49;51;59;60;68;69;70;75;77
614;17.11.1997;47;4;17;20;25;27;32;33;36;38;54;56;58;62;63;64;65;66;69;76;78
615;18.11.1997;47;7;11;15;19;27;32;38;40;41;51;57;58;60;63;65;66;68;74;75;80
616;19.11.1997;47;2;4;6;11;13;19;25;32;36;39;41;47;49;51;52;58;59;65;72;78
617;20.11.1997;47;6;14;19;23;24;25;26;34;35;37;40;49;53;67;72;73;75;78;79;80
618;21.11.1997;47;7;8;10;12;19;21;25;31;39;40;42;44;48;49;50;57;61;63;68;80
619;22.11.1997;47;1;3;7;8;9;12;17;27;29;46;52;54;55;60;64;65;67;69;72;78
620;24.11.1997;48;3;9;13;14;23;25;27;37;43;45;48;50;57;65;66;67;69;70;71;78
621;25.11.1997;48;4;6;10;14;23;37;38;42;45;49;55;56;58;59;61;64;69;76;77;79
622;26.11.1997;48;2;3;12;14;16;22;37;38;41;44;45;46;60;63;65;75;76;77;78;79
623;27.11.1997;48;4;8;9;12;13;15;24;27;30;38;40;52;57;59;69;72;74;75;77;78
624;28.11.1997;48;1;4;5;6;10;21;24;25;31;32;35;37;44;56;57;59;63;64;68;71
625;29.11.1997;48;2;8;10;11;14;15;25;28;31;36;42;44;48;49;55;57;62;68;69;71
626;1.12.1997;49;4;5;13;15;17;36;37;40;43;44;48;49;51;56;65;66;67;68;72;73
627;2.12.1997;49;17;18;19;28;29;35;38;39;46;48;50;54;55;57;62;65;67;71;75;79
628;3.12.1997;49;5;12;19;29;32;36;37;38;41;42;43;46;54;56;58;61;64;66;75;79
629;4.12.1997;49;7;9;10;12;14;20;24;25;28;29;30;39;43;44;45;53;54;57;64;69
630;5.12.1997;49;5;7;8;9;11;14;23;29;34;38;40;44;53;55;65;67;71;75;76;79
631;6.12.1997;49;5;6;11;13;18;21;28;34;40;44;46;47;52;54;56;57;63;66;67;77
632;8.12.1997;50;1;11;12;15;16;20;21;24;26;31;38;40;44;46;49;51;56;66;71;74
633;9.12.1997;50;5;9;10;16;18;22;24;28;33;42;45;46;48;50;54;68;69;75;77;79
634;10.12.1997;50;1;2;9;11;17;21;22;30;35;36;40;44;49;50;55;57;60;64;67;77
635;11.12.1997;50;6;18;20;21;23;27;28;30;31;40;49;51;54;65;66;67;69;70;71;79
636;12.12.1997;50;4;6;9;11;25;30;31;37;39;40;46;51;52;54;59;67;73;78;79;80
637;13.12.1997;50;6;8;20;27;32;33;34;36;37;41;45;46;47;48;51;55;56;64;76;80
638;15.12.1997;51;12;14;15;16;35;36;37;39;40;45;48;51;56;61;62;63;65;66;68;78
639;16.12.1997;51;4;7;11;12;13;20;25;27;29;36;38;55;59;62;64;70;73;74;75;77
640;17.12.1997;51;5;10;11;16;21;22;26;28;29;31;37;43;49;50;62;67;73;77;79;80
641;18.12.1997;51;12;17;22;27;28;31;35;36;39;44;47;50;51;52;56;57;64;66;68;77
642;19.12.1997;51;5;15;24;27;29;33;36;39;40;44;46;47;48;56;63;65;70;72;74;77
643;20.12.1997;51;1;3;7;9;20;21;26;28;30;31;33;36;43;45;47;52;54;56;59;60
644;22.12.1997;52;5;8;12;15;18;21;25;28;32;36;37;42;50;57;58;68;69;73;78;80
645;23.12.1997;52;2;5;6;9;13;17;34;37;39;45;49;51;52;62;64;66;69;71;78;80
646;26.12.1997;52;1;7;15;18;21;23;26;30;34;46;50;53;56;65;67;70;76;77;79;80
647;27.12.1997;52;6;8;11;12;13;15;20;24;27;37;39;46;47;50;55;59;61;69;71;76
648;29.12.1997;1;2;3;5;6;7;9;11;12;15;19;25;27;28;31;42;56;61;68;69;75
649;30.12.1997;1;4;9;10;14;16;18;23;30;34;38;46;51;61;68;69;74;77;78;79;80
650;31.12.1997;1;3;4;10;12;14;19;25;30;33;34;38;41;48;52;55;63;67;71;76;80
651;2.1.1998;1;3;5;9;10;11;17;23;24;31;33;41;42;43;44;54;62;65;70;73;77
652;3.1.1998;1;4;8;13;15;21;25;26;30;31;36;38;42;47;48;50;51;63;66;78;80
653;5.1.1998;2;5;12;18;20;21;23;27;30;34;35;42;44;48;54;58;68;74;77;78;80
654;6.1.1998;2;3;8;20;21;22;26;31;33;35;36;44;48;54;61;62;64;69;72;76;79
655;7.1.1998;2;4;14;15;21;25;31;38;50;51;59;61;62;67;68;71;73;74;75;78;79
656;8.1.1998;2;12;13;25;28;30;35;39;48;49;50;53;60;61;62;63;64;73;75;77;78
657;9.1.1998;2;1;8;9;11;13;35;38;41;46;47;48;50;52;57;64;70;71;74;77;79
658;10.1.1998;2;2;3;16;25;26;32;33;37;40;44;57;58;61;67;68;69;70;78;79;80
659;12.1.1998;3;5;8;10;13;15;18;22;33;37;38;41;42;44;47;52;65;67;74;78;80
660;13.1.1998;3;4;5;18;19;20;24;34;35;40;42;51;59;63;66;71;74;75;77;79;80
661;14.1.1998;3;1;6;7;8;13;27;28;32;35;38;46;47;52;64;65;67;70;75;77;78
662;15.1.1998;3;4;5;15;16;26;27;30;31;37;38;40;50;53;64;70;72;73;76;78;80
663;16.1.1998;3;6;19;22;25;26;27;31;33;34;35;37;40;42;45;59;66;67;73;75;76
664;17.1.1998;3;4;5;9;10;14;15;17;21;25;27;31;43;45;47;48;49;60;73;78;80
665;19.1.1998;4;4;13;16;21;27;28;32;35;36;45;46;55;58;59;68;74;77;78;79;80
666;20.1.1998;4;6;7;14;19;24;25;28;29;32;36;50;51;56;57;60;62;64;65;69;78
667;21.1.1998;4;4;6;9;11;15;18;30;39;40;41;46;47;50;52;54;62;66;67;69;73
668;22.1.1998;4;6;7;8;12;23;26;27;33;34;41;51;52;54;55;57;58;59;61;68;77
669;23.1.1998;4;1;18;19;20;21;22;34;36;39;45;47;49;51;55;56;57;65;68;73;78
670;24.1.1998;4;11;13;14;16;17;21;22;38;39;41;49;52;59;62;63;64;68;72;73;79
671;26.1.1998;5;3;11;13;15;16;21;25;26;33;34;36;39;40;42;46;50;61;68;76;80
672;27.1.1998;5;1;6;10;13;15;21;26;29;31;40;41;52;56;62;63;68;71;73;74;77
673;28.1.1998;5;1;2;4;6;8;14;18;24;30;40;52;53;62;64;68;73;75;78;79;80
674;29.1.1998;5;2;10;12;13;27;33;35;36;39;42;46;48;51;54;55;66;71;72;73;77
675;30.1.1998;5;5;14;17;22;26;29;32;36;50;51;55;56;59;62;64;65;66;67;69;80
676;31.1.1998;5;4;12;13;14;19;20;21;22;27;33;42;48;52;54;55;64;66;67;76;77
677;2.2.1998;6;2;3;4;6;19;21;22;34;40;41;53;56;57;62;63;64;67;71;73;78
678;3.2.1998;6;1;12;13;14;18;23;25;31;33;34;45;54;56;61;63;65;71;73;75;77
679;4.2.1998;6;14;17;20;21;22;29;30;31;36;37;38;44;53;54;59;60;62;65;70;80
680;5.2.1998;6;3;4;5;13;23;26;30;33;34;35;36;42;46;57;58;59;68;72;77;80
681;6.2.1998;6;1;2;3;5;18;19;23;25;26;34;37;42;47;51;57;59;66;74;75;76
682;7.2.1998;6;1;14;18;19;22;23;26;27;35;41;42;44;45;53;55;62;63;66;70;77
683;9.2.1998;7;2;7;10;12;13;18;21;23;30;31;37;44;46;47;54;58;63;73;79;80
684;10.2.1998;7;3;8;9;12;15;20;24;25;27;29;30;32;33;34;35;40;42;48;54;67
685;11.2.1998;7;5;7;11;12;13;16;17;20;21;27;29;40;43;44;49;57;59;62;71;72
686;12.2.1998;7;2;4;7;11;13;16;21;25;27;34;37;54;57;59;61;62;64;66;71;80
687;13.2.1998;7;6;7;12;13;22;23;28;30;32;34;41;44;45;46;52;59;63;71;73;77
688;14.2.1998;7;2;8;9;11;31;33;37;39;40;41;47;52;53;54;59;63;67;72;73;80
689;16.2.1998;8;3;5;8;13;15;18;22;24;34;35;37;39;40;44;46;47;48;67;72;77
690;17.2.1998;8;2;6;12;14;17;23;24;33;39;44;45;47;48;49;54;56;57;62;71;77
691;18.2.1998;8;4;10;12;21;22;26;30;31;33;35;36;54;56;60;62;66;72;73;76;79
692;19.2.1998;8;2;3;4;9;10;11;19;25;34;37;38;43;49;52;57;63;65;66;73;78
693;20.2.1998;8;7;16;17;21;23;26;29;31;45;46;52;53;54;58;60;61;65;70;73;76
694;21.2.1998;8;1;2;3;7;8;9;18;23;29;32;37;40;41;44;50;59;62;70;71;80
695;23.2.1998;9;5;6;8;9;10;18;21;25;30;32;36;38;40;47;48;49;50;65;68;76
696;24.2.1998;9;4;6;8;13;15;21;27;33;35;36;43;50;53;56;58;60;63;70;76;80
697;25.2.1998;9;1;5;9;10;14;15;16;26;31;35;40;43;55;57;66;73;74;78;79;80
698;26.2.1998;9;1;3;5;8;12;14;29;31;32;43;46;53;55;62;63;65;69;73;76;80
699;27.2.1998;9;2;11;13;16;24;25;27;30;32;34;40;42;48;52;53;54;58;65;66;77
700;28.2.1998;9;11;13;16;18;19;20;23;25;27;38;40;47;48;55;56;64;66;68;74;80
701;2.3.1998;10;2;4;10;12;18;19;20;25;42;44;46;60;64;65;69;71;75;76;79;80
702;3.3.1998;10;3;9;15;17;20;34;35;37;44;48;51;52;53;57;58;59;68;71;76;78
703;4.3.1998;10;3;6;17;23;32;34;41;46;49;52;53;59;60;62;67;68;74;75;78;79
704;5.3.1998;10;1;5;9;10;14;26;30;35;43;48;49;56;58;59;61;65;67;74;77;78
705;6.3.1998;10;3;7;10;12;14;19;20;21;24;27;32;33;35;43;49;66;70;72;78;80
706;7.3.1998;10;1;2;10;12;18;19;26;27;28;29;37;42;48;53;55;59;65;66;70;80
707;9.3.1998;11;2;3;16;20;26;30;34;35;37;45;48;52;56;57;65;71;73;74;78;79
708;10.3.1998;11;1;2;3;8;11;13;18;24;38;41;42;44;47;49;57;59;70;71;73;77
709;11.3.1998;11;1;15;27;28;29;31;32;35;37;39;42;45;49;66;70;72;73;75;77;78
710;12.3.1998;11;1;2;3;10;18;20;32;33;36;39;43;58;61;64;70;71;75;76;78;80
711;13.3.1998;11;3;5;8;15;16;18;23;34;41;46;47;50;54;59;62;65;66;73;74;79
712;14.3.1998;11;5;7;9;14;17;21;24;25;33;37;41;43;45;49;55;59;62;65;68;77
713;16.3.1998;12;4;7;9;15;18;19;23;24;27;33;36;41;42;48;51;61;62;66;68;72
714;17.3.1998;12;4;6;7;10;13;14;18;20;27;30;38;40;53;54;55;60;62;65;66;80
715;18.3.1998;12;5;6;9;13;16;31;34;35;43;44;46;47;49;55;62;63;67;70;75;80
716;19.3.1998;12;4;6;11;12;16;22;33;38;42;45;46;55;56;63;64;66;73;77;79;80
717;20.3.1998;12;9;10;16;20;22;25;27;29;30;35;38;39;42;50;55;56;60;68;76;77
718;21.3.1998;12;6;7;8;15;19;20;22;26;33;36;41;47;48;51;54;55;56;60;65;67
719;23.3.1998;13;3;4;8;18;23;30;35;37;38;40;42;43;46;47;48;55;60;69;71;75
720;24.3.1998;13;12;13;15;27;28;29;34;38;39;42;48;49;50;54;55;56;57;65;77;80
721;25.3.1998;13;1;3;5;6;8;12;24;28;29;34;36;40;49;53;55;57;63;73;75;76
722;26.3.1998;13;1;2;5;10;13;14;17;21;36;43;47;48;53;56;62;65;66;68;69;74
723;27.3.1998;13;1;2;15;22;24;26;30;32;33;37;38;45;47;48;50;52;70;75;76;79
724;28.3.1998;13;2;7;8;10;15;17;25;29;32;38;40;44;47;51;55;56;59;61;66;74
725;30.3.1998;14;1;9;16;19;23;31;32;33;35;38;42;44;47;48;58;60;62;64;68;76
726;31.3.1998;14;6;15;20;22;23;24;30;38;43;44;48;50;54;58;63;64;65;66;70;71
727;1.4.1998;14;9;11;12;13;15;17;18;32;37;41;44;46;49;56;58;63;67;69;71;79
728;2.4.1998;14;8;10;11;14;20;22;29;37;38;50;52;54;57;58;62;63;65;69;72;74
729;3.4.1998;14;20;22;23;29;30;32;35;38;42;46;49;51;54;61;63;66;67;69;70;72
730;4.4.1998;14;5;6;11;12;21;24;28;29;30;32;36;37;39;40;45;46;57;65;66;71
731;6.4.1998;15;6;7;22;26;28;31;33;40;42;46;49;51;66;67;68;71;72;77;78;79
732;7.4.1998;15;1;7;9;11;13;17;22;24;27;29;30;31;34;40;48;57;59;60;64;76
733;8.4.1998;15;2;3;18;23;26;28;34;38;43;46;49;50;51;54;55;57;62;63;67;79
734;9.4.1998;15;1;2;10;11;14;24;25;29;30;37;40;48;52;54;56;58;62;63;64;72
735;11.4.1998;15;7;8;25;27;28;31;32;41;42;44;45;48;51;54;58;63;68;70;74;77
736;13.4.1998;16;1;2;5;8;11;13;24;30;31;34;43;48;57;58;59;61;63;66;67;80
737;14.4.1998;16;4;7;11;12;19;22;30;39;42;43;44;46;49;50;52;53;58;59;75;78
738;15.4.1998;16;6;9;16;17;21;22;25;28;32;40;49;50;53;57;60;62;64;67;69;74
739;16.4.1998;16;4;6;7;12;14;16;18;23;27;28;29;33;35;42;51;71;72;74;76;78
740;17.4.1998;16;2;10;13;14;17;18;22;25;29;34;41;48;51;53;61;65;66;69;70;75
741;18.4.1998;16;1;3;4;7;9;15;16;18;31;34;37;39;42;44;45;51;60;74;79;80
742;20.4.1998;17;11;19;22;24;26;27;29;40;42;43;44;46;51;59;67;72;75;77;79;80
743;21.4.1998;17;8;11;12;16;17;18;20;21;24;26;39;40;49;53;63;64;65;70;72;76
744;22.4.1998;17;4;8;12;17;18;19;22;25;27;48;49;51;52;55;64;66;72;73;74;76
745;23.4.1998;17;5;10;12;17;21;25;31;36;41;47;48;54;55;59;69;72;75;76;78;80
746;24.4.1998;17;3;4;6;9;18;19;20;29;41;42;46;52;53;56;58;62;66;72;73;78
747;25.4.1998;17;4;7;20;21;22;26;27;28;29;33;34;39;40;42;44;48;53;57;63;80
748;27.4.1998;18;9;12;25;33;37;41;43;46;47;52;58;62;63;68;69;74;75;77;78;80
749;28.4.1998;18;1;6;12;15;23;25;31;34;41;44;49;51;52;55;59;63;64;66;67;78
750;29.4.1998;18;4;8;15;17;21;26;27;31;40;41;45;48;49;53;58;60;64;65;72;75
751;30.4.1998;18;4;5;7;9;11;19;22;24;28;34;35;38;43;44;48;51;72;76;78;79
752;1.5.1998;18;8;10;11;21;22;29;39;40;47;53;54;56;57;62;64;67;68;72;73;76
753;2.5.1998;18;1;3;15;17;18;19;24;25;33;34;39;55;59;60;63;64;66;71;77;79
754;4.5.1998;19;3;4;12;17;25;26;29;31;32;37;40;44;45;47;48;55;58;69;71;75
755;5.5.1998;19;1;11;12;13;18;21;22;23;33;38;39;44;48;57;58;64;67;68;69;72
756;6.5.1998;19;2;8;12;16;19;30;33;35;38;39;48;52;54;57;58;59;66;71;73;77
757;7.5.1998;19;6;8;11;13;15;16;17;21;27;31;33;38;48;56;62;64;65;67;68;77
758;8.5.1998;19;2;5;6;12;13;18;27;31;32;36;38;39;43;47;49;57;63;69;74;75
759;9.5.1998;19;5;8;9;12;14;17;22;25;26;31;38;42;44;45;57;59;63;66;69;77
760;11.5.1998;20;3;9;15;20;26;30;33;35;38;44;55;57;58;64;68;70;72;74;77;80
761;12.5.1998;20;2;4;6;7;8;10;11;15;31;33;35;38;44;52;57;59;63;71;74;75
762;13.5.1998;20;1;2;3;7;10;13;26;37;38;39;41;48;51;53;64;65;66;69;73;74
763;14.5.1998;20;2;6;8;12;15;28;34;39;41;42;47;50;57;59;60;61;62;74;75;76
764;15.5.1998;20;4;8;12;13;23;26;28;35;36;40;41;42;44;47;55;59;65;68;69;72
765;16.5.1998;20;2;5;7;9;16;20;25;29;38;39;41;48;49;52;55;65;68;70;74;80
766;18.5.1998;21;3;6;8;11;18;29;34;37;38;44;47;49;58;60;61;65;70;71;72;80
767;19.5.1998;21;3;6;7;8;19;21;22;25;28;41;44;45;48;53;62;63;69;74;77;78
768;20.5.1998;21;1;3;6;9;10;13;16;17;23;24;30;31;32;47;52;56;57;64;66;70
769;21.5.1998;21;12;13;14;15;18;19;27;28;30;33;39;51;52;54;55;60;63;64;67;73
770;22.5.1998;21;6;7;9;16;18;19;28;31;36;44;45;47;49;50;57;62;66;69;75;76
771;23.5.1998;21;2;12;16;22;25;27;29;31;42;44;49;50;51;53;54;56;68;69;70;75
772;25.5.1998;22;3;4;6;8;9;17;26;28;29;33;34;35;48;49;56;57;62;65;67;71
773;26.5.1998;22;2;3;10;16;17;20;23;24;25;27;30;34;45;46;51;55;60;71;76;78
774;27.5.1998;22;2;4;6;10;11;15;16;20;28;32;34;40;48;49;51;62;64;67;73;74
775;28.5.1998;22;2;7;8;12;17;22;24;27;36;37;39;48;49;52;54;57;62;63;69;77
776;29.5.1998;22;3;11;15;17;18;19;28;36;44;46;47;48;49;50;55;56;59;71;76;80
777;30.5.1998;22;1;7;13;17;18;19;21;24;26;29;31;32;37;46;51;52;57;67;72;76
778;1.6.1998;23;3;4;9;10;11;13;14;21;24;26;29;30;37;47;53;58;65;66;67;79
779;2.6.1998;23;3;4;12;16;22;23;32;33;35;37;43;44;49;51;52;53;61;68;75;80
780;3.6.1998;23;2;4;9;13;17;18;22;26;28;35;38;39;47;50;54;55;60;62;75;79
781;4.6.1998;23;4;21;23;24;29;31;33;36;38;41;42;47;50;57;59;61;63;73;79;80
782;5.6.1998;23;1;3;4;8;12;18;24;25;28;31;41;53;54;55;56;64;66;70;76;77
783;6.6.1998;23;1;7;12;13;14;16;18;35;41;43;45;49;55;56;57;59;66;70;74;77
784;8.6.1998;24;5;6;9;19;25;30;31;33;36;42;43;45;49;53;60;62;66;67;68;77
785;9.6.1998;24;9;12;13;17;22;30;32;34;35;40;45;52;53;54;55;67;73;75;76;79
786;10.6.1998;24;1;5;9;11;12;13;18;32;33;37;40;41;43;57;63;70;74;77;79;80
787;11.6.1998;24;4;5;6;7;23;24;25;32;43;44;47;50;57;60;61;71;72;75;76;79
788;12.6.1998;24;11;15;16;24;36;39;40;42;46;56;58;60;61;63;66;67;70;73;76;79
789;13.6.1998;24;4;7;11;14;16;17;18;25;26;27;40;41;44;45;46;49;50;59;68;80
790;15.6.1998;25;2;4;9;10;11;18;19;22;27;30;38;40;43;47;48;49;66;70;74;79
791;16.6.1998;25;1;4;11;12;22;24;31;50;51;52;54;58;59;65;68;70;71;73;74;78
792;17.6.1998;25;10;16;20;21;31;36;38;39;41;45;48;50;53;54;60;67;70;74;76;79
793;18.6.1998;25;12;15;19;24;28;43;47;48;50;53;58;64;65;66;67;68;71;76;77;79
794;19.6.1998;25;2;7;9;13;16;21;22;26;35;37;38;46;47;51;58;62;64;72;75;79
795;20.6.1998;25;8;16;19;20;24;25;26;31;41;42;46;49;50;53;64;67;72;74;75;79
796;22.6.1998;26;6;7;8;10;12;15;22;25;26;30;31;37;38;48;49;51;56;69;72;78
797;23.6.1998;26;10;13;18;21;28;30;31;32;33;37;38;49;54;56;58;60;70;72;76;79
798;24.6.1998;26;1;20;21;32;35;37;42;43;44;47;52;53;54;57;59;65;66;67;76;80
799;25.6.1998;26;4;16;18;26;27;30;31;33;34;36;37;39;48;49;53;59;73;74;75;80
800;26.6.1998;26;2;5;6;10;11;15;16;23;27;37;41;49;50;58;60;65;67;72;76;79
801;27.6.1998;26;1;4;6;9;11;13;14;15;17;19;26;30;37;50;52;59;62;63;68;74
802;29.6.1998;27;8;9;19;27;31;32;34;37;38;40;45;46;52;57;58;62;67;69;70;80
803;30.6.1998;27;4;7;8;12;13;19;29;30;36;38;44;47;52;54;57;60;61;62;70;75
804;1.7.1998;27;1;3;6;10;11;14;28;32;41;43;48;52;55;56;57;61;62;65;67;75
805;2.7.1998;27;12;17;19;25;27;33;37;39;40;53;60;61;62;66;68;69;72;73;79;80
806;3.7.1998;27;4;9;20;23;28;29;30;33;37;40;42;52;55;57;60;65;68;69;70;71
807;4.7.1998;27;1;8;14;21;22;23;25;29;30;34;39;40;49;55;57;59;61;73;76;80
808;6.7.1998;28;1;11;14;19;20;25;30;32;34;35;37;38;39;48;52;55;57;69;73;80
809;7.7.1998;28;15;16;19;24;26;27;29;34;45;46;50;54;55;56;60;62;63;68;76;79
810;8.7.1998;28;3;4;5;13;15;16;18;21;29;34;38;39;43;47;58;64;65;68;74;80
811;9.7.1998;28;4;6;10;11;12;25;29;30;32;38;41;44;62;63;72;74;77;78;79;80
812;10.7.1998;28;3;6;15;21;22;27;30;35;38;39;41;42;45;47;50;53;55;66;74;76
813;11.7.1998;28;17;18;24;28;31;38;44;49;50;53;60;61;69;71;72;74;75;77;78;80
814;13.7.1998;29;9;10;16;20;21;23;25;31;33;36;39;44;45;55;62;66;67;73;78;80
815;14.7.1998;29;5;7;8;15;22;30;33;39;49;50;52;53;54;59;63;68;73;75;76;78
816;15.7.1998;29;2;6;9;13;17;18;23;24;28;30;42;46;57;59;67;71;75;78;79;80
817;16.7.1998;29;5;7;8;9;12;14;18;19;24;26;27;28;40;55;56;58;59;66;68;78
818;17.7.1998;29;1;8;12;13;14;16;23;24;27;39;41;44;48;49;60;65;70;76;78;79
819;18.7.1998;29;1;7;10;14;25;31;35;36;37;43;44;45;50;53;65;69;70;71;74;75
820;20.7.1998;30;2;8;9;16;17;20;26;34;36;42;47;48;53;55;56;57;64;65;66;73
821;21.7.1998;30;5;8;11;14;20;23;26;29;34;38;43;47;51;52;56;62;65;66;77;80
822;22.7.1998;30;1;3;13;26;27;29;38;40;48;52;53;55;56;62;65;67;69;75;77;78
823;23.7.1998;30;3;7;10;12;13;16;21;24;36;40;46;50;52;55;58;62;63;74;76;80
824;24.7.1998;30;1;6;7;11;17;26;29;30;31;46;48;54;58;62;65;69;72;73;79;80
825;25.7.1998;30;1;13;14;16;25;29;30;31;37;38;44;48;50;59;67;69;71;72;74;76
826;27.7.1998;31;1;8;12;19;25;26;30;31;33;34;38;39;40;41;47;50;54;57;64;72
827;28.7.1998;31;2;11;14;16;21;25;28;29;33;36;38;40;41;47;48;49;55;58;61;71
828;29.7.1998;31;4;5;12;13;25;33;40;47;52;54;55;58;61;63;64;65;67;69;71;76
829;30.7.1998;31;12;19;22;23;34;36;39;41;42;44;50;51;55;58;61;62;65;73;75;80
830;31.7.1998;31;6;12;19;21;24;29;35;37;42;44;46;49;58;59;61;66;72;74;77;79
831;1.8.1998;31;3;4;6;18;19;29;31;39;40;46;52;60;61;63;64;67;70;74;76;79
832;3.8.1998;32;3;5;7;12;17;18;23;24;25;26;31;32;33;45;48;51;61;65;77;80
833;4.8.1998;32;3;7;10;14;20;21;27;32;33;39;43;49;50;51;62;66;70;71;78;79
834;5.8.1998;32;7;11;12;14;16;17;21;32;33;47;48;62;63;69;71;72;73;75;77;78
835;6.8.1998;32;2;6;7;18;19;22;26;33;36;41;46;47;54;56;59;61;70;75;76;80
836;7.8.1998;32;2;3;6;7;10;12;15;18;20;22;23;30;37;48;49;52;53;67;70;74
837;8.8.1998;32;1;5;6;7;10;12;16;25;34;35;38;42;43;50;55;61;65;66;68;69
838;10.8.1998;33;3;14;21;25;30;35;36;39;40;43;45;51;55;58;61;71;74;75;79;80
839;11.8.1998;33;11;17;21;25;32;34;35;37;39;50;55;58;59;61;63;67;68;72;75;76
840;12.8.1998;33;12;14;19;22;25;26;38;41;43;44;45;48;50;51;59;60;72;75;76;78
841;13.8.1998;33;2;4;8;14;15;16;18;19;28;30;38;49;51;52;53;59;65;69;70;71
842;14.8.1998;33;2;4;5;11;14;15;19;27;31;35;36;40;42;45;46;47;53;56;66;69
843;15.8.1998;33;8;20;24;26;31;32;35;38;42;44;49;53;58;59;62;68;70;72;73;76
844;17.8.1998;34;4;5;7;11;12;24;25;29;30;35;36;43;44;49;52;61;67;68;75;80
845;18.8.1998;34;2;5;7;17;18;20;30;35;39;40;46;48;50;51;60;61;65;68;69;79
846;19.8.1998;34;1;8;19;24;26;33;35;36;38;41;42;48;52;53;56;62;67;68;74;75
847;20.8.1998;34;3;5;7;11;16;17;33;34;35;40;43;45;47;54;63;67;69;70;73;78
848;21.8.1998;34;4;7;9;10;14;19;26;29;32;38;41;46;47;53;57;59;62;66;69;71
849;22.8.1998;34;1;5;13;14;15;16;26;29;30;35;39;48;54;58;59;66;67;70;75;76
850;24.8.1998;35;5;16;23;25;26;30;33;35;43;44;45;47;49;54;56;57;71;76;77;80
851;25.8.1998;35;1;10;18;20;27;31;32;39;40;44;49;52;57;59;61;65;71;73;75;80
852;26.8.1998;35;2;4;6;8;11;15;19;20;21;22;24;30;34;36;46;47;53;63;65;75
853;27.8.1998;35;6;16;19;20;31;34;35;47;49;53;55;56;57;58;61;65;67;68;70;79
854;28.8.1998;35;2;3;4;12;16;20;32;35;36;41;51;53;55;58;61;66;70;73;77;80
855;29.8.1998;35;9;10;13;15;27;30;32;35;41;44;45;47;52;54;57;58;72;73;74;75
856;31.8.1998;36;4;5;9;15;16;17;19;20;21;24;30;36;37;41;45;47;48;58;60;71
857;1.9.1998;36;1;2;6;13;14;17;23;24;29;32;33;34;44;47;48;49;65;66;75;79
858;2.9.1998;36;9;13;15;21;25;28;33;37;40;46;54;60;65;66;67;74;75;76;78;80
859;3.9.1998;36;4;6;7;11;12;15;21;22;25;26;34;39;40;41;49;59;61;63;69;74
860;4.9.1998;36;3;7;10;22;25;26;37;41;48;49;52;55;60;63;66;69;73;74;79;80
861;5.9.1998;36;2;4;7;10;16;29;33;34;38;39;40;41;48;53;55;56;60;63;71;80
862;7.9.1998;37;3;4;7;11;13;32;35;36;40;43;48;49;51;59;60;65;71;72;76;77
863;8.9.1998;37;2;6;9;10;12;19;20;22;36;38;40;41;45;48;49;55;66;68;72;73
864;9.9.1998;37;8;10;14;16;22;27;32;35;37;38;41;42;50;56;61;66;67;68;69;70
865;10.9.1998;37;1;2;4;13;16;23;24;33;39;47;57;60;62;63;64;65;70;72;79;80
866;11.9.1998;37;1;2;5;8;9;10;15;18;20;23;28;32;37;43;54;61;62;67;78;80
867;12.9.1998;37;6;11;15;17;22;25;26;27;31;32;33;34;40;48;49;66;68;69;73;79
868;14.9.1998;38;12;14;15;16;22;24;29;37;38;45;48;52;53;56;57;64;68;69;70;76
869;15.9.1998;38;1;2;16;18;19;20;25;29;33;37;44;47;52;53;58;61;64;73;76;78
870;16.9.1998;38;4;14;15;22;24;40;41;47;51;52;53;57;59;60;61;64;68;72;76;80
871;17.9.1998;38;6;7;11;12;13;15;19;24;33;35;36;37;40;44;45;53;57;65;69;75
872;18.9.1998;38;9;12;15;19;20;29;34;37;39;41;42;43;44;50;54;65;66;67;70;80
873;19.9.1998;38;1;5;6;9;15;16;17;21;22;28;29;31;35;60;61;62;65;74;75;77
874;21.9.1998;39;13;14;18;21;22;27;30;37;39;43;48;49;50;51;61;65;66;71;73;80
875;22.9.1998;39;4;6;8;13;14;15;17;19;45;52;53;55;58;59;61;62;63;64;72;77
876;23.9.1998;39;1;5;7;18;24;25;29;32;43;46;47;48;51;52;53;56;62;68;70;71
877;24.9.1998;39;4;5;7;11;16;17;18;20;21;24;37;46;48;49;53;54;67;68;69;70
878;25.9.1998;39;4;5;6;7;18;25;26;28;29;35;37;40;50;54;59;69;70;71;77;79
879;26.9.1998;39;1;4;5;7;11;13;16;19;29;32;37;39;47;58;60;63;64;66;68;70
880;28.9.1998;40;6;11;12;13;14;23;24;27;30;31;36;40;41;47;49;55;56;57;70;73
881;29.9.1998;40;2;4;10;17;21;28;31;36;47;49;52;53;56;60;62;69;72;75;76;77
882;30.9.1998;40;4;5;11;12;13;18;19;23;28;38;42;43;49;56;58;63;64;66;67;74
883;1.10.1998;40;3;7;9;17;20;22;23;27;46;48;50;51;53;57;62;68;71;74;75;79
884;2.10.1998;40;6;12;22;25;27;29;32;35;44;45;46;51;54;57;59;60;65;68;70;79
885;3.10.1998;40;4;6;8;12;14;15;17;31;37;39;46;57;61;70;71;73;74;77;79;80
886;5.10.1998;41;1;15;17;34;38;39;40;44;47;55;56;62;63;64;70;72;75;76;77;80
887;6.10.1998;41;8;12;19;20;21;24;25;26;29;30;32;38;39;48;55;56;59;71;74;76
888;7.10.1998;41;4;6;11;12;13;17;20;24;29;31;32;41;43;45;48;60;63;64;66;79
889;8.10.1998;41;10;16;19;26;27;29;31;37;40;51;54;55;56;59;64;71;72;74;77;79
890;9.10.1998;41;5;8;10;11;13;20;26;29;32;33;35;46;47;48;53;54;60;61;66;70
891;10.10.1998;41;2;8;11;12;17;28;31;37;39;43;45;49;54;56;59;67;70;72;74;79
892;12.10.1998;42;5;12;13;16;17;26;29;30;31;36;41;57;58;60;66;67;68;75;76;79
893;13.10.1998;42;2;3;14;23;25;27;28;30;35;36;39;49;63;65;67;71;73;75;79;80
894;14.10.1998;42;3;7;9;15;16;19;20;23;27;33;35;41;42;44;45;50;66;67;77;79
895;15.10.1998;42;11;12;14;16;20;21;27;31;32;34;35;36;37;38;39;52;61;66;69;76
896;16.10.1998;42;3;13;16;18;20;24;28;30;42;44;46;49;53;54;56;60;62;71;72;80
897;17.10.1998;42;13;17;23;26;29;33;34;37;38;41;45;50;53;56;58;65;66;72;75;79
898;19.10.1998;43;3;10;26;28;32;37;45;49;51;53;55;57;60;67;69;71;73;75;77;80
899;20.10.1998;43;9;11;17;20;21;29;30;32;33;39;40;41;47;50;52;55;62;64;65;75
900;21.10.1998;43;10;18;19;20;25;31;33;37;38;39;42;46;48;49;51;53;66;67;70;80
901;22.10.1998;43;1;13;15;17;19;21;24;28;30;33;41;44;45;46;54;55;56;71;76;77
902;23.10.1998;43;4;7;8;10;27;29;32;33;38;48;51;54;58;61;62;63;65;75;76;77
903;24.10.1998;43;2;3;4;18;20;21;24;25;27;36;37;42;43;49;54;57;58;64;66;69
904;26.10.1998;44;1;4;5;10;11;12;15;18;26;27;33;39;46;50;55;56;63;67;69;79
905;27.10.1998;44;1;3;7;10;11;24;29;30;32;35;43;46;48;49;50;52;53;57;58;68
906;28.10.1998;44;4;7;10;14;17;22;23;24;30;33;36;37;44;51;60;64;70;72;76;77
907;29.10.1998;44;1;5;12;13;16;21;24;31;44;46;48;49;54;55;56;58;62;68;69;73
908;30.10.1998;44;2;21;23;24;25;26;28;35;38;39;40;41;42;47;56;59;61;73;76;78
909;31.10.1998;44;4;11;15;18;25;26;27;28;29;35;40;42;43;47;51;52;56;63;66;73
910;2.11.1998;45;1;3;18;21;22;24;25;27;29;31;38;42;45;50;55;63;67;72;73;75
911;3.11.1998;45;3;4;12;18;20;25;26;28;31;33;35;37;38;40;43;47;59;60;64;73
912;4.11.1998;45;7;14;15;16;22;24;27;38;39;43;44;46;49;50;51;53;64;67;73;78
913;5.11.1998;45;2;3;10;14;22;28;30;31;33;43;46;47;51;55;56;66;68;72;75;80
914;6.11.1998;45;4;9;16;20;24;25;30;33;40;42;43;47;54;55;56;57;59;65;68;78
915;7.11.1998;45;2;4;7;10;20;23;24;34;35;37;38;40;48;50;51;52;62;63;72;80
916;9.11.1998;46;2;13;22;27;30;32;34;36;38;39;47;52;54;55;60;62;64;67;75;77
917;10.11.1998;46;1;3;9;11;18;31;38;40;42;45;47;56;61;62;67;68;73;74;77;78
918;11.11.1998;46;3;4;9;10;16;19;26;27;35;38;44;47;48;67;68;70;71;72;77;79
919;12.11.1998;46;1;9;12;13;15;18;24;27;29;32;42;43;45;49;62;64;66;73;75;77
920;13.11.1998;46;1;10;12;14;16;27;30;31;43;45;47;49;50;58;64;65;66;68;71;76
921;14.11.1998;46;2;5;12;15;16;17;21;25;28;29;33;35;39;41;48;61;72;73;77;78
922;16.11.1998;47;3;6;8;9;10;13;20;21;23;34;37;41;42;46;54;60;65;70;74;76
923;17.11.1998;47;4;10;11;17;19;20;36;40;41;43;46;48;52;55;58;60;62;70;71;76
924;18.11.1998;47;2;10;17;18;23;24;27;28;29;32;34;37;41;42;47;50;59;60;67;71
925;19.11.1998;47;1;4;5;7;10;14;21;22;30;32;35;44;50;51;57;60;63;67;75;80
926;20.11.1998;47;3;13;17;19;20;25;27;33;41;42;46;53;56;64;65;67;68;72;73;78
927;21.11.1998;47;1;11;14;17;23;25;26;33;39;42;43;44;48;49;56;57;68;70;71;72
928;23.11.1998;48;19;22;23;26;27;33;37;41;42;44;45;46;49;55;61;63;64;65;66;73
929;24.11.1998;48;3;6;10;14;17;19;20;28;29;30;33;35;45;49;56;58;63;66;73;79
930;25.11.1998;48;2;5;6;9;12;15;18;23;25;27;32;33;39;43;45;48;49;58;78;80
931;26.11.1998;48;2;3;4;7;9;10;14;15;22;27;28;29;45;51;57;68;69;70;74;78
932;27.11.1998;48;8;11;16;17;18;20;24;32;34;35;39;50;55;57;58;61;62;66;69;70
933;28.11.1998;48;5;8;9;14;15;22;24;28;32;33;37;38;43;44;47;57;58;60;65;71
934;30.11.1998;49;1;3;6;7;8;15;18;23;34;37;39;44;46;54;58;59;64;70;74;76
935;1.12.1998;49;6;7;15;17;19;30;32;35;41;47;52;53;55;56;61;63;66;70;74;79
936;2.12.1998;49;1;3;5;8;9;27;28;32;36;39;42;44;51;52;56;57;58;60;61;64
937;3.12.1998;49;2;3;10;21;22;25;26;27;32;40;51;52;56;59;61;63;65;67;71;74
938;4.12.1998;49;1;4;9;10;15;17;23;24;29;46;47;48;50;53;59;60;65;67;72;74
939;5.12.1998;49;1;8;10;12;14;15;21;25;32;33;34;37;44;57;58;71;72;73;75;79
940;7.12.1998;50;4;15;16;21;29;31;36;44;48;49;58;59;61;66;70;73;74;75;79;80
941;8.12.1998;50;1;5;9;11;14;17;19;20;24;29;45;46;50;51;61;67;69;74;79;80
942;9.12.1998;50;3;4;5;7;11;21;26;27;33;34;37;38;49;51;53;54;56;64;65;66
943;10.12.1998;50;2;5;9;12;17;18;19;21;25;27;29;34;38;43;50;63;65;68;76;80
944;11.12.1998;50;1;2;5;12;14;16;18;19;20;22;23;30;32;40;42;50;74;75;76;79
945;12.12.1998;50;3;5;8;10;14;15;16;22;28;35;36;41;54;55;63;66;68;72;73;80
946;14.12.1998;51;1;13;18;19;22;24;25;28;33;34;38;39;42;50;58;59;61;69;73;76
947;15.12.1998;51;13;14;16;23;24;30;35;36;37;38;41;45;52;59;62;65;68;71;72;80
948;16.12.1998;51;3;15;19;28;34;36;37;38;41;43;46;48;53;54;58;59;60;61;62;72
949;17.12.1998;51;2;3;10;14;16;17;20;26;33;38;39;40;43;48;50;51;53;55;57;63
950;18.12.1998;51;1;9;10;14;18;20;26;36;39;43;54;57;58;60;61;64;68;69;75;76
951;19.12.1998;51;1;2;18;19;26;34;38;41;42;44;45;46;62;63;64;71;72;73;75;77
952;21.12.1998;52;2;5;10;12;15;18;24;36;38;42;43;45;46;50;51;55;57;59;66;77
953;22.12.1998;52;8;9;13;14;19;22;23;25;27;28;42;49;52;57;58;60;61;66;67;73
954;23.12.1998;52;2;7;14;17;19;23;26;28;32;34;50;51;55;56;57;66;67;70;75;79
955;26.12.1998;52;2;20;28;34;35;39;42;46;49;52;54;58;59;66;69;70;74;76;79;80
956;28.12.1998;53;1;9;13;19;25;35;37;43;44;46;47;48;52;53;55;64;67;70;74;77
957;29.12.1998;53;7;9;12;13;19;21;23;29;31;37;39;40;42;44;45;53;60;62;65;68
958;30.12.1998;53;1;2;7;9;13;16;19;22;24;27;34;42;45;48;58;60;61;70;71;74
959;31.12.1998;53;2;8;12;13;16;18;19;20;23;25;26;31;33;37;38;39;48;70;73;80
